# Time (s),Altitude (m),Total velocity (m/s),Total acceleration (m/s²),Position East of launch (m),Position North of launch (m),Lateral distance (m),Angle of attack (°),Mass (g),Motor mass (g),Longitudinal moment of inertia (kg·m²),Rotational moment of inertia (kg·m²),CP location (cm),CG location (cm),Drag force (N),Drag coefficient (​),Air temperature (°C),Air pressure (mbar),Mach number (​),Dynamic Pressure (mbar)
0,0,0,0,0,0,0,90,3.647e4,1.355e4,15.727,0.307,NaN,209.118,0,0.463,15,1013.25,0.007,0
0.01,0,0.01,6.289,0,0,0,89.727,3.646e4,1.354e4,15.726,0.307,NaN,209.115,1.208e-8,0.464,15,1013.25,0.006,6.731e-7
0.02,6.874e-4,0.154,22.378,-8.845e-7,0,8.845e-7,85.972,3.645e4,1.353e4,15.725,0.307,NaN,209.111,3.7e-5,0.464,15,1013.25,0.006,1.449e-4
0.03,0.004,0.458,38.475,-3.09e-6,0,3.09e-6,78.071,3.644e4,1.352e4,15.724,0.307,NaN,209.108,8.997e-4,0.463,15,1013.25,0.007,0.001
0.04,0.01,0.923,54.579,-6.646e-6,0,6.646e-6,66.777,3.643e4,1.351e4,15.723,0.307,NaN,209.105,0.006,0.46,15,1013.249,0.007,0.005
0.045,0.016,1.216,62.634,-8.966e-6,0,8.966e-6,60.429,3.643e4,1.351e4,15.723,0.307,NaN,209.103,0.013,0.457,15,1013.248,0.007,0.009
0.052,0.027,1.682,61.635,-1.321e-5,0,1.321e-5,51.74,3.642e4,1.349e4,15.721,0.307,NaN,209.098,0.03,0.451,15,1013.247,0.008,0.017
0.062,0.046,2.292,60.301,-1.953e-5,0,1.953e-5,42.826,3.64e4,1.348e4,15.719,0.307,NaN,209.092,0.062,0.443,15,1013.245,0.009,0.032
0.067,0.057,2.562,59.701,-2.238e-5,0,2.238e-5,39.612,3.639e4,1.347e4,15.719,0.307,NaN,209.089,0.08,0.44,15,1013.243,0.01,0.04
0.074,0.076,2.985,65.554,-2.664e-5,0,2.664e-5,35.313,3.638e4,1.346e4,15.717,0.307,NaN,209.085,0.111,0.435,15,1013.241,0.011,0.055
0.084,0.11,3.702,74.448,-3.312e-5,0,3.312e-5,29.625,3.636e4,1.344e4,15.715,0.307,NaN,209.078,0.172,0.427,14.999,1013.237,0.013,0.084
0.094,0.151,4.425,70.106,-3.945e-5,0,3.945e-5,25.35,3.634e4,1.342e4,15.713,0.307,NaN,209.071,0.243,0.42,14.999,1013.232,0.014,0.12
0.104,0.199,5.104,65.759,-4.577e-5,0,4.577e-5,22.36,3.632e4,1.34e4,15.711,0.307,NaN,209.064,0.317,0.415,14.999,1013.227,0.016,0.16
0.114,0.253,5.74,61.408,-5.209e-5,0,5.209e-5,20.283,3.63e4,1.338e4,15.709,0.307,NaN,209.057,0.392,0.41,14.998,1013.22,0.018,0.202
0.124,0.313,6.333,57.052,-5.841e-5,0,5.841e-5,18.697,3.629e4,1.336e4,15.707,0.307,NaN,209.05,0.467,0.406,14.998,1013.213,0.02,0.246
0.134,0.379,6.906,57.624,-6.474e-5,0,6.474e-5,17.404,3.627e4,1.335e4,15.705,0.307,NaN,209.044,0.545,0.403,14.998,1013.205,0.021,0.292
0.144,0.451,7.485,58.197,-7.106e-5,0,7.106e-5,16.283,3.625e4,1.333e4,15.703,0.307,NaN,209.038,0.627,0.4,14.997,1013.197,0.023,0.343
0.154,0.529,8.07,58.77,-7.738e-5,0,7.738e-5,15.183,3.624e4,1.331e4,15.702,0.307,NaN,209.032,0.711,0.397,14.997,1013.188,0.025,0.399
0.164,0.613,8.66,59.343,-8.37e-5,0,8.37e-5,14.046,3.622e4,1.33e4,15.7,0.307,NaN,209.026,0.796,0.394,14.996,1013.178,0.026,0.459
0.174,0.702,9.257,59.917,-9.002e-5,0,9.002e-5,13.037,3.62e4,1.328e4,15.698,0.307,NaN,209.02,0.884,0.392,14.995,1013.168,0.028,0.525
0.186,0.818,9.98,60.606,-9.761e-5,0,9.761e-5,11.967,3.618e4,1.326e4,15.696,0.307,NaN,209.012,0.995,0.389,14.995,1013.154,0.03,0.61
0.196,0.921,10.588,60.953,-1.039e-4,0,1.039e-4,11.177,3.617e4,1.324e4,15.694,0.307,NaN,209.006,1.091,0.387,14.994,1013.142,0.032,0.687
0.205,1.023,11.165,61.281,-1.099e-4,0,1.099e-4,10.569,3.615e4,1.323e4,15.692,0.307,216.159,209,1.187,0.385,14.993,1013.13,0.033,0.764
0.22,1.188,12.037,61.773,-1.359e-4,0,1.359e-4,9.814,3.613e4,1.32e4,15.689,0.307,216.835,208.991,1.342,0.382,14.992,1013.111,0.036,0.887
0.231,1.329,12.742,62.168,-1.823e-4,0,1.823e-4,9.275,3.611e4,1.318e4,15.687,0.307,217.332,208.983,1.481,0.382,14.991,1013.094,0.038,0.995
0.248,1.556,13.802,61.902,-2.969e-4,0,2.969e-4,8.567,3.608e4,1.316e4,15.684,0.307,218.005,208.972,1.704,0.382,14.99,1013.068,0.041,1.167
0.274,1.929,15.383,61.501,-5.759e-4,0,5.759e-4,7.616,3.603e4,1.311e4,15.679,0.307,218.945,208.956,2.061,0.382,14.987,1013.024,0.046,1.449
0.298,2.321,16.872,61.119,-9.654e-4,0,9.654e-4,6.872,3.599e4,1.307e4,15.675,0.307,219.711,208.94,2.429,0.382,14.985,1012.978,0.05,1.744
0.334,2.977,19.125,62.478,-0.002,-5.43e-9,0.002,5.807,3.593e4,1.301e4,15.668,0.307,220.857,208.916,3.035,0.383,14.981,1012.901,0.056,2.24
0.371,3.718,21.434,63.843,-0.003,-1.065e-8,0.003,5.139,3.587e4,1.294e4,15.661,0.307,221.609,208.892,3.75,0.383,14.976,1012.814,0.063,2.813
0.421,4.87,24.628,63.937,-0.005,-1.953e-8,0.005,4.618,3.578e4,1.286e4,15.651,0.307,222.215,208.859,4.894,0.383,14.968,1012.679,0.073,3.714
0.471,6.181,27.827,64.027,-0.007,-1.875e-8,0.007,4.038,3.569e4,1.277e4,15.641,0.306,222.909,208.825,6.172,0.383,14.96,1012.525,0.082,4.741
0.521,7.653,31.031,64.113,-0.01,0,0.01,3.412,3.56e4,1.268e4,15.632,0.306,223.68,208.791,7.585,0.383,14.95,1012.352,0.091,5.895
0.534,8.061,31.864,64.135,-0.011,0,0.011,3.301,3.558e4,1.266e4,15.629,0.306,223.82,208.782,7.983,0.383,14.948,1012.305,0.094,6.215
0.554,8.695,33.114,64.092,-0.013,1.204e-8,0.013,3.156,3.555e4,1.262e4,15.625,0.306,224.006,208.769,8.601,0.383,14.943,1012.23,0.097,6.712
0.583,9.691,34.988,64.027,-0.015,2.887e-8,0.015,3.035,3.55e4,1.257e4,15.62,0.306,224.164,208.749,9.586,0.384,14.937,1012.113,0.103,7.493
0.627,11.288,37.795,63.926,-0.018,6.063e-8,0.018,2.707,3.542e4,1.25e4,15.611,0.306,224.59,208.72,11.133,0.384,14.927,1011.926,0.111,8.742
0.677,13.257,40.988,63.807,-0.021,1.126e-7,0.021,2.175,3.534e4,1.241e4,15.602,0.306,225.292,208.686,13.003,0.384,14.914,1011.695,0.121,10.28
0.727,15.386,44.176,63.683,-0.024,1.863e-7,0.024,1.73,3.525e4,1.233e4,15.592,0.306,225.897,208.652,15.036,0.384,14.9,1011.445,0.13,11.938
0.777,17.675,47.357,63.554,-0.026,3.031e-7,0.026,1.347,3.516e4,1.224e4,15.583,0.306,226.43,208.618,17.229,0.385,14.885,1011.177,0.139,13.716
0.827,20.122,50.531,63.42,-0.026,5.122e-7,0.026,1.065,3.508e4,1.215e4,15.573,0.306,226.833,208.584,19.589,0.385,14.869,1010.89,0.149,15.613
0.877,22.728,53.698,63.281,-0.024,8.872e-7,0.024,0.765,3.499e4,1.207e4,15.563,0.306,227.27,208.549,22.101,0.386,14.852,1010.584,0.158,17.627
0.927,25.492,56.858,63.137,-0.019,1.52e-6,0.019,0.453,3.49e4,1.198e4,15.554,0.305,227.73,208.514,24.768,0.386,14.834,1010.26,0.167,19.757
0.979,28.556,60.159,62.981,-0.009,2.561e-6,0.009,0.243,3.481e4,1.189e4,15.544,0.305,228.05,208.478,27.741,0.386,14.814,1009.901,0.177,22.112
1.029,31.643,63.32,63.473,0.005,4.042e-6,0.005,0.063,3.473e4,1.181e4,15.534,0.305,228.331,208.443,30.757,0.387,14.794,1009.539,0.186,24.489
1.079,34.888,66.504,63.962,0.024,6.197e-6,0.024,0.079,3.464e4,1.172e4,15.525,0.305,228.327,208.408,33.964,0.387,14.773,1009.158,0.196,27.006
1.129,38.293,69.712,64.448,0.05,9.212e-6,0.05,0.18,3.456e4,1.163e4,15.515,0.305,228.2,208.373,37.367,0.388,14.751,1008.759,0.205,29.665
1.142,39.205,70.55,64.574,0.058,1.016e-5,0.058,0.204,3.453e4,1.161e4,15.513,0.305,228.171,208.364,38.284,0.388,14.745,1008.652,0.207,30.38
1.161,40.593,71.809,64.629,0.071,1.17e-5,0.071,0.277,3.45e4,1.158e4,15.509,0.305,228.073,208.35,39.683,0.388,14.736,1008.489,0.211,31.47
1.191,42.721,73.699,64.71,0.093,1.432e-5,0.093,0.419,3.445e4,1.153e4,15.503,0.305,227.882,208.329,41.838,0.389,14.722,1008.24,0.217,33.142
1.235,46.017,76.538,64.828,0.131,1.887e-5,0.131,0.532,3.437e4,1.145e4,15.494,0.305,227.741,208.297,45.186,0.389,14.701,1007.853,0.225,35.733
1.285,49.924,79.779,64.959,0.183,2.486e-5,0.183,0.654,3.429e4,1.136e4,15.485,0.305,227.591,208.261,49.175,0.39,14.675,1007.395,0.235,38.809
1.335,53.994,83.026,65.084,0.245,3.16e-5,0.245,0.737,3.42e4,1.128e4,15.475,0.305,227.5,208.224,53.347,0.39,14.649,1006.917,0.244,42.017
1.385,58.226,86.279,65.205,0.319,3.914e-5,0.319,0.77,3.411e4,1.119e4,15.465,0.305,227.48,208.188,57.696,0.391,14.622,1006.421,0.254,45.355
1.435,62.62,89.537,65.321,0.404,4.763e-5,0.404,0.819,3.403e4,1.11e4,15.455,0.304,227.438,208.151,62.233,0.392,14.593,1005.906,0.263,48.826
1.485,67.178,92.802,65.43,0.501,5.754e-5,0.501,0.787,3.394e4,1.102e4,15.446,0.304,227.512,208.114,66.94,0.393,14.563,1005.371,0.273,52.428
1.535,71.898,96.071,65.534,0.61,6.917e-5,0.61,0.716,3.385e4,1.093e4,15.436,0.304,227.643,208.077,71.823,0.393,14.533,1004.818,0.283,56.163
1.585,76.782,99.347,65.632,0.731,8.273e-5,0.731,0.62,3.376e4,1.084e4,15.426,0.304,227.809,208.039,76.891,0.394,14.501,1004.245,0.292,60.03
1.635,81.83,102.627,65.723,0.865,9.869e-5,0.865,0.492,3.368e4,1.076e4,15.416,0.304,228.023,208.002,82.145,0.395,14.468,1003.653,0.302,64.029
1.685,87.041,105.913,65.809,1.009,1.177e-4,1.009,0.37,3.359e4,1.067e4,15.406,0.304,228.231,207.964,87.597,0.396,14.434,1003.042,0.312,68.161
1.735,92.417,109.203,65.888,1.165,1.404e-4,1.165,0.202,3.35e4,1.058e4,15.396,0.304,228.506,207.926,93.249,0.397,14.399,1002.411,0.321,72.426
1.785,97.957,112.499,65.962,1.33,1.671e-4,1.33,3.899e-4,3.342e4,1.049e4,15.387,0.304,228.834,207.888,99.121,0.397,14.363,1001.761,0.331,76.822
1.835,103.662,115.798,66.03,1.504,1.975e-4,1.504,0.213,3.333e4,1.041e4,15.377,0.304,228.562,207.85,105.226,0.398,14.326,1001.092,0.341,81.351
1.885,109.531,119.101,66.094,1.685,2.304e-4,1.685,0.333,3.324e4,1.032e4,15.367,0.303,228.428,207.811,111.532,0.399,14.288,1000.404,0.351,86.01
1.935,115.566,122.407,66.152,1.873,2.647e-4,1.873,0.456,3.316e4,1.023e4,15.357,0.303,228.292,207.772,118.065,0.4,14.249,999.696,0.36,90.799
1.985,121.766,125.716,66.206,2.066,2.991e-4,2.066,0.478,3.307e4,1.015e4,15.347,0.303,228.301,207.733,124.772,0.401,14.209,998.969,0.37,95.718
2.002,123.959,126.866,66.223,2.134,3.108e-4,2.134,0.462,3.304e4,1.012e4,15.344,0.303,228.338,207.72,127.14,0.402,14.194,998.712,0.373,97.458
2.028,127.287,128.592,66.219,2.238,3.279e-4,2.238,0.43,3.299e4,1.007e4,15.338,0.303,228.406,207.699,130.737,0.402,14.173,998.321,0.379,100.096
2.067,132.362,131.181,66.209,2.396,3.523e-4,2.396,0.384,3.293e4,1e4,15.331,0.303,228.505,207.668,136.243,0.403,14.14,997.726,0.386,104.117
2.117,139,134.491,66.191,2.602,3.807e-4,2.602,0.322,3.284e4,9914.956,15.321,0.303,228.638,207.628,143.477,0.404,14.096,996.948,0.396,109.368
2.167,145.804,137.8,66.168,2.815,4.051e-4,2.815,0.224,3.275e4,9827.469,15.311,0.303,228.822,207.588,150.912,0.405,14.052,996.15,0.406,114.742
2.217,152.774,141.107,66.138,3.034,4.25e-4,3.034,0.121,3.266e4,9739.982,15.301,0.303,229.016,207.548,158.565,0.406,14.007,995.332,0.415,120.236
2.267,159.908,144.413,66.103,3.26,4.415e-4,3.26,0.037,3.258e4,9652.495,15.291,0.303,229.185,207.508,166.426,0.407,13.961,994.495,0.425,125.85
2.289,163.077,145.856,66.087,3.362,4.479e-4,3.362,0.128,3.254e4,9614.274,15.286,0.303,229.074,207.49,169.929,0.408,13.94,994.124,0.43,128.339
2.322,167.889,148.018,65.934,3.518,4.572e-4,3.518,0.192,3.248e4,9557.572,15.28,0.303,229.015,207.464,175.271,0.409,13.909,993.559,0.436,132.112
2.371,175.239,151.251,65.698,3.759,4.716e-4,3.759,0.246,3.24e4,9472.519,15.27,0.302,228.986,207.424,183.434,0.41,13.861,992.697,0.445,137.85
2.421,182.879,154.528,65.453,4.016,4.888e-4,4.016,0.317,3.231e4,9385.992,15.26,0.302,228.936,207.384,191.914,0.411,13.811,991.801,0.455,143.782
2.471,190.683,157.792,65.198,4.284,5.112e-4,4.284,0.338,3.222e4,9299.465,15.25,0.302,228.958,207.343,200.56,0.412,13.761,990.886,0.465,149.808
2.521,198.649,161.043,64.932,4.565,5.42e-4,4.565,0.278,3.214e4,9212.938,15.24,0.302,229.097,207.302,209.363,0.414,13.709,989.952,0.474,155.926
2.571,206.777,164.281,64.656,4.856,5.857e-4,4.856,0.157,3.205e4,9126.412,15.23,0.302,229.324,207.26,218.341,0.415,13.656,988.999,0.484,162.133
2.621,215.066,167.506,64.372,5.158,6.451e-4,5.158,0.007,3.196e4,9039.885,15.22,0.302,229.596,207.219,227.519,0.416,13.602,988.026,0.494,168.427
2.671,223.516,170.718,64.084,5.468,7.192e-4,5.468,0.111,3.188e4,8953.358,15.21,0.302,229.503,207.177,236.89,0.418,13.547,987.035,0.503,174.805
2.721,232.126,173.914,63.792,5.786,8.048e-4,5.786,0.2,3.179e4,8866.831,15.2,0.302,229.435,207.135,246.45,0.419,13.491,986.026,0.513,181.263
2.761,239.144,176.467,63.552,6.045,8.789e-4,6.045,0.253,3.172e4,8797.461,15.192,0.302,229.411,207.101,254.25,0.42,13.446,985.202,0.52,186.496
2.811,248.04,179.632,63.07,6.373,9.733e-4,6.373,0.267,3.164e4,8713.281,15.182,0.302,229.458,207.06,264.105,0.421,13.388,984.159,0.529,193.081
2.861,257.095,182.774,62.579,6.706,0.001,6.706,0.265,3.155e4,8629.102,15.173,0.301,229.532,207.019,274.117,0.423,13.329,983.097,0.539,199.719
2.911,266.305,185.89,62.081,7.044,0.001,7.044,0.158,3.147e4,8544.922,15.163,0.301,229.758,206.977,284.207,0.424,13.269,982.017,0.548,206.404
2.961,275.671,188.981,61.581,7.389,0.001,7.389,0.022,3.138e4,8460.742,15.153,0.301,230.029,206.935,294.421,0.426,13.208,980.918,0.557,213.132
3.011,285.19,192.047,61.08,7.743,0.001,7.743,0.17,3.13e4,8376.563,15.143,0.301,229.897,206.893,304.816,0.427,13.146,979.802,0.566,219.9
3.061,294.861,195.086,60.576,8.107,0.001,8.107,0.282,3.122e4,8292.383,15.134,0.301,229.821,206.851,315.341,0.429,13.083,978.668,0.575,226.702
3.111,304.684,198.099,60.051,8.483,0.001,8.483,0.267,3.113e4,8208.203,15.124,0.301,229.929,206.808,325.951,0.43,13.02,977.516,0.584,233.536
3.121,306.667,198.699,59.944,8.559,0.001,8.559,0.251,3.111e4,8191.368,15.122,0.301,229.968,206.8,328.082,0.43,13.007,977.283,0.586,234.906
3.136,309.651,199.595,59.646,8.675,0.001,8.675,0.223,3.109e4,8167.33,15.119,0.301,230.034,206.787,331.281,0.431,12.987,976.933,0.589,236.961
3.159,314.154,200.931,59.196,8.851,0.002,8.851,0.172,3.105e4,8131.274,15.115,0.301,230.146,206.769,336.082,0.431,12.958,976.405,0.593,240.039
3.192,320.964,202.916,58.519,9.118,0.002,9.118,0.083,3.1e4,8077.189,15.108,0.301,230.333,206.741,343.297,0.432,12.914,975.606,0.599,244.644
3.242,331.174,205.817,57.516,9.523,0.002,9.523,0.057,3.092e4,7997.064,15.099,0.301,230.461,206.7,354.026,0.434,12.847,974.409,0.607,251.437
3.292,341.528,208.667,56.515,9.934,0.002,9.934,0.129,3.084e4,7916.938,15.09,0.301,230.449,206.659,364.749,0.435,12.78,973.194,0.616,258.189
3.342,352.024,211.468,55.51,10.352,0.002,10.352,0.17,3.076e4,7836.813,15.08,0.3,230.484,206.618,375.477,0.437,12.712,971.964,0.624,264.894
3.392,362.658,214.218,54.499,10.775,0.002,10.775,0.155,3.068e4,7756.687,15.071,0.3,230.598,206.576,386.172,0.438,12.643,970.716,0.632,271.546
3.436,372.074,216.583,53.61,11.149,0.002,11.149,0.109,3.061e4,7686.578,15.063,0.3,230.747,206.539,395.506,0.44,12.582,969.612,0.639,277.318
3.486,382.961,219.238,52.593,11.582,0.002,11.582,0.013,3.053e4,7611.147,15.054,0.3,230.979,206.5,406.132,0.441,12.511,968.335,0.647,283.854
3.536,393.98,221.842,51.581,12.023,0.002,12.023,0.099,3.046e4,7535.716,15.045,0.3,230.951,206.46,416.725,0.442,12.439,967.043,0.655,290.322
3.586,405.127,224.394,50.559,12.472,0.002,12.472,0.127,3.038e4,7460.285,15.036,0.3,231.007,206.42,427.288,0.444,12.367,965.735,0.663,296.714
3.636,416.4,226.895,49.531,12.93,0.002,12.93,0.127,3.031e4,7384.854,15.027,0.3,231.103,206.379,437.755,0.445,12.293,964.413,0.67,303.026
3.678,425.965,228.956,48.658,13.323,0.003,13.323,0.077,3.024e4,7321.492,15.02,0.3,231.253,206.345,446.482,0.446,12.231,963.291,0.676,308.264
3.728,437.463,231.352,47.211,13.798,0.003,13.798,0.014,3.017e4,7249.475,15.011,0.3,231.44,206.307,456.764,0.448,12.156,961.943,0.683,314.392
3.778,449.079,233.676,45.769,14.279,0.003,14.279,0.079,3.01e4,7177.459,15.003,0.3,231.441,206.268,466.863,0.449,12.081,960.581,0.69,320.372
3.79,451.884,234.223,45.424,14.396,0.003,14.396,0.087,3.008e4,7160.175,15.001,0.3,231.452,206.258,469.255,0.449,12.063,960.252,0.692,321.784
3.808,456.104,235.028,44.015,14.571,0.003,14.571,0.097,3.006e4,7137.59,14.998,0.3,231.471,206.246,472.785,0.45,12.035,959.757,0.694,323.864
3.835,462.46,236.188,41.905,14.835,0.003,14.835,0.104,3.003e4,7103.713,14.994,0.3,231.51,206.228,477.89,0.451,11.994,959.011,0.698,326.861
3.876,472.051,237.821,38.745,15.233,0.003,15.233,0.088,2.998e4,7052.898,14.988,0.3,231.601,206.2,485.108,0.452,11.932,957.886,0.703,331.081
3.926,483.978,239.661,34.855,15.728,0.003,15.728,0.043,2.991e4,6990.164,14.98,0.299,231.743,206.166,493.279,0.453,11.854,956.487,0.708,335.824
3.976,495.993,241.307,30.983,16.228,0.003,16.228,0.022,2.985e4,6927.429,14.973,0.299,231.843,206.131,500.597,0.454,11.776,955.078,0.713,340.043
4.004,502.876,242.158,28.786,16.516,0.003,16.516,0.06,2.981e4,6891.67,14.969,0.299,231.828,206.111,504.385,0.454,11.731,954.287,0.716,342.216
4.047,513.245,243.328,25.992,16.95,0.003,16.95,0.085,2.978e4,6855.638,14.964,0.299,231.845,206.091,509.602,0.455,11.664,953.129,0.719,345.192
4.097,525.432,244.544,22.74,17.464,0.004,17.464,0.103,2.974e4,6813.495,14.959,0.299,231.873,206.068,514.96,0.456,11.585,951.767,0.723,348.25
4.147,537.675,245.597,19.483,17.984,0.004,17.984,0.062,2.969e4,6771.352,14.954,0.299,231.978,206.045,519.539,0.456,11.505,950.399,0.726,350.851
4.197,549.966,246.489,16.229,18.508,0.004,18.508,0.065,2.965e4,6729.208,14.949,0.299,232.016,206.021,523.42,0.457,11.425,949.026,0.729,352.992
4.247,562.299,247.22,13.022,19.035,0.004,19.035,0.109,2.961e4,6687.065,14.944,0.299,231.988,205.997,526.477,0.457,11.345,947.648,0.731,354.674
4.297,574.663,247.791,9.824,19.562,0.004,19.562,0.076,2.957e4,6644.922,14.939,0.299,232.061,205.974,528.699,0.458,11.265,946.267,0.733,355.895
4.347,587.052,248.203,6.649,20.09,0.004,20.09,0.036,2.953e4,6602.779,14.934,0.299,232.138,205.95,530.167,0.458,11.184,944.882,0.734,356.657
4.397,599.458,248.456,3.55,20.62,0.004,20.62,0.024,2.948e4,6560.636,14.929,0.299,232.167,205.926,530.842,0.458,11.104,943.496,0.735,356.962
4.415,603.989,248.509,2.507,20.814,0.004,20.814,0.055,2.947e4,6545.253,14.927,0.299,232.127,205.918,530.883,0.458,11.074,942.99,0.736,356.96
4.442,610.786,248.546,1.274,21.105,0.004,21.105,0.095,2.945e4,6531.468,14.926,0.299,232.073,205.91,530.733,0.458,11.03,942.231,0.736,356.835
4.483,620.982,248.503,2.779,21.544,0.005,21.544,0.1,2.943e4,6510.789,14.923,0.299,232.066,205.898,530.026,0.458,10.964,941.092,0.736,356.363
4.533,633.391,248.291,6.087,22.08,0.005,22.08,0.088,2.941e4,6485.61,14.92,0.299,232.074,205.884,528.33,0.458,10.883,939.705,0.735,355.331
4.538,634.523,248.263,6.396,22.129,0.005,22.129,0.086,2.941e4,6483.313,14.92,0.299,232.075,205.882,528.13,0.458,10.876,939.579,0.735,355.212
4.545,636.22,248.219,6.731,22.203,0.005,22.203,0.083,2.94e4,6480.859,14.92,0.299,232.078,205.881,527.819,0.458,10.865,939.389,0.735,355.028
4.555,638.766,248.148,7.228,22.314,0.005,22.314,0.072,2.94e4,6477.179,14.919,0.299,232.091,205.879,527.335,0.458,10.848,939.105,0.735,354.738
4.571,642.582,248.032,7.971,22.48,0.005,22.48,0.045,2.939e4,6471.659,14.919,0.299,232.123,205.876,526.566,0.458,10.823,938.678,0.734,354.276
4.594,648.304,247.835,9.099,22.729,0.005,22.729,0.004,2.939e4,6463.379,14.918,0.299,232.174,205.871,525.308,0.458,10.786,938.039,0.734,353.52
4.628,656.876,247.49,10.815,23.102,0.005,23.102,0.055,2.937e4,6450.959,14.916,0.299,232.088,205.864,523.188,0.458,10.73,937.081,0.733,352.246
4.656,663.733,247.171,12.196,23.401,0.005,23.401,0.09,2.936e4,6441.012,14.915,0.299,232.024,205.858,521.288,0.458,10.686,936.315,0.732,351.106
4.698,674,246.637,13.487,23.848,0.005,23.848,0.117,2.935e4,6430.798,14.914,0.299,231.964,205.853,518.18,0.457,10.619,935.168,0.731,349.244
4.748,686.303,245.924,15.019,24.382,0.006,24.382,0.108,2.934e4,6418.528,14.912,0.299,231.947,205.846,514.125,0.457,10.539,933.794,0.729,346.817
4.798,698.568,245.136,16.539,24.914,0.006,24.914,0.022,2.933e4,6406.259,14.911,0.299,232.035,205.839,509.682,0.456,10.459,932.423,0.726,344.187
4.82,704.044,244.758,17.227,25.152,0.006,25.152,0.023,2.932e4,6400.767,14.91,0.299,232.018,205.835,507.59,0.456,10.424,931.811,0.725,342.945
4.854,712.242,244.166,18.093,25.508,0.006,25.508,0.081,2.932e4,6396.04,14.909,0.299,231.911,205.833,504.351,0.456,10.37,930.896,0.724,341.015
4.904,724.416,243.231,19.365,26.039,0.006,26.039,0.126,2.931e4,6388.998,14.909,0.299,231.808,205.829,499.302,0.455,10.291,929.535,0.721,338.009
4.954,736.541,242.233,20.594,26.57,0.006,26.57,0.099,2.93e4,6381.957,14.908,0.299,231.804,205.825,493.98,0.455,10.212,928.181,0.718,334.847
5.005,748.96,241.143,21.838,27.117,0.007,27.117,0.005,2.93e4,6374.713,14.907,0.299,231.892,205.821,488.275,0.454,10.132,926.793,0.715,331.437
5.055,760.978,240.034,22.513,27.647,0.007,27.647,0.084,2.929e4,6372.046,14.907,0.299,231.734,205.819,482.561,0.453,10.054,925.45,0.712,328.011
5.105,772.94,238.892,23.188,28.174,0.007,28.174,0.098,2.929e4,6369.379,14.906,0.299,231.667,205.817,476.71,0.453,9.976,924.114,0.708,324.516
5.155,784.844,237.716,23.857,28.698,0.007,28.698,0.065,2.929e4,6366.711,14.906,0.299,231.665,205.816,470.747,0.452,9.899,922.784,0.705,320.954
5.205,796.688,236.506,24.527,29.218,0.007,29.218,0.014,2.929e4,6364.044,14.906,0.299,231.688,205.814,464.7,0.451,9.822,921.461,0.702,317.327
5.219,799.993,236.161,24.715,29.364,0.007,29.364,0.006,2.929e4,6363.297,14.906,0.299,231.686,205.814,462.988,0.451,9.8,921.091,0.701,316.3
5.24,804.943,235.642,24.754,29.582,0.007,29.582,0.034,2.929e4,6363.118,14.906,0.299,231.625,205.814,460.421,0.451,9.768,920.539,0.699,314.757
5.272,812.346,234.862,24.808,29.908,0.008,29.908,0.045,2.929e4,6362.849,14.906,0.299,231.578,205.814,456.61,0.45,9.72,919.711,0.697,312.448
5.319,823.405,233.688,24.887,30.396,0.008,30.396,0.049,2.929e4,6362.446,14.905,0.299,231.526,205.814,450.919,0.45,9.648,918.476,0.693,308.996
5.371,835.569,232.386,24.976,30.935,0.008,30.935,0.052,2.928e4,6362,14.905,0.299,231.47,205.813,444.644,0.449,9.569,917.117,0.69,305.194
5.421,847.146,231.142,24.768,31.449,0.008,31.449,0.02,2.928e4,6362,14.905,0.299,231.466,205.813,438.72,0.448,9.494,915.823,0.686,301.592
5.471,858.66,229.909,24.564,31.961,0.008,31.961,0.015,2.928e4,6362,14.905,0.299,231.426,205.813,432.898,0.448,9.419,914.537,0.682,298.042
5.521,870.114,228.686,24.367,32.471,0.009,32.471,0.042,2.928e4,6362,14.905,0.299,231.34,205.813,427.178,0.447,9.344,913.257,0.679,294.544
5.571,881.506,227.472,24.175,32.979,0.009,32.979,0.04,2.928e4,6362,14.905,0.299,231.297,205.813,421.542,0.446,9.27,911.984,0.675,291.096
5.621,892.839,226.268,23.987,33.484,0.009,33.484,0.013,2.928e4,6362,14.905,0.299,231.289,205.813,415.991,0.446,9.197,910.718,0.672,287.698
5.671,904.111,225.074,23.802,33.987,0.009,33.987,0.005,2.928e4,6362,14.905,0.299,231.256,205.813,410.554,0.445,9.123,909.459,0.669,284.348
5.721,915.324,223.888,23.622,34.487,0.01,34.487,0.016,2.928e4,6362,14.905,0.299,231.197,205.813,405.199,0.444,9.05,908.206,0.665,281.046
5.771,926.478,222.712,23.446,34.987,0.01,34.987,0.039,2.928e4,6362,14.905,0.299,231.12,205.813,399.922,0.444,8.978,906.96,0.662,277.79
5.821,937.573,221.544,23.264,35.484,0.01,35.484,0.008,2.928e4,6362,14.905,0.299,231.122,205.813,394.763,0.443,8.906,905.72,0.658,274.579
5.871,948.61,220.385,23.088,35.98,0.011,35.98,0.018,2.928e4,6362,14.905,0.299,231.066,205.813,389.684,0.442,8.834,904.487,0.655,271.414
5.921,959.589,219.235,22.916,36.474,0.011,36.474,0.038,2.928e4,6362,14.905,0.299,230.996,205.813,384.69,0.442,8.763,903.261,0.652,268.292
5.971,970.511,218.094,22.748,36.966,0.011,36.966,0.02,2.928e4,6362,14.905,0.299,230.982,205.813,379.756,0.441,8.692,902.04,0.648,265.213
6.021,981.377,216.961,22.589,37.455,0.011,37.455,0.036,2.928e4,6362,14.905,0.299,230.919,205.813,374.876,0.441,8.621,900.826,0.645,262.177
6.071,992.186,215.835,22.428,37.943,0.012,37.943,0.05,2.928e4,6362,14.905,0.299,230.859,205.813,370.094,0.44,8.551,899.619,0.642,259.181
6.121,1002.938,214.718,22.266,38.43,0.012,38.43,0.038,2.928e4,6362,14.905,0.299,230.838,205.813,365.399,0.439,8.481,898.433,0.639,256.231
6.171,1013.636,213.609,22.106,38.915,0.012,38.915,0.026,2.928e4,6362,14.905,0.299,230.818,205.813,360.783,0.439,8.411,897.295,0.635,253.332
6.221,1024.277,212.508,21.948,39.399,0.012,39.399,0.003,2.928e4,6362,14.905,0.299,230.813,205.813,356.245,0.438,8.342,896.163,0.632,250.472
6.271,1034.864,211.415,21.792,39.882,0.013,39.882,0.036,2.928e4,6362,14.905,0.299,230.73,205.813,351.786,0.438,8.273,895.037,0.629,247.651
6.321,1045.397,210.329,21.641,40.362,0.013,40.362,0.062,2.928e4,6362,14.905,0.299,230.656,205.813,347.402,0.437,8.205,893.917,0.626,244.866
6.371,1055.876,209.251,21.493,40.839,0.013,40.839,0.066,2.928e4,6362,14.905,0.299,230.616,205.813,343.083,0.437,8.137,892.802,0.623,242.118
6.421,1066.301,208.18,21.35,41.315,0.014,41.315,0.015,2.928e4,6362,14.905,0.299,230.654,205.813,338.799,0.436,8.069,891.693,0.62,239.406
6.471,1076.672,207.116,21.214,41.788,0.014,41.788,0.04,2.928e4,6362,14.905,0.299,230.585,205.813,334.584,0.435,8.002,890.59,0.616,236.729
6.521,1086.991,206.059,21.078,42.26,0.014,42.26,0.073,2.928e4,6362,14.905,0.299,230.504,205.813,330.438,0.435,7.935,889.492,0.613,234.086
6.571,1097.257,205.009,20.941,42.732,0.014,42.732,0.087,2.928e4,6362,14.905,0.299,230.45,205.813,326.348,0.434,7.868,888.4,0.61,231.477
6.621,1107.47,203.966,20.794,43.202,0.015,43.202,0.032,2.928e4,6362,14.905,0.299,230.496,205.813,322.339,0.434,7.801,887.314,0.607,228.902
6.671,1117.632,202.93,20.652,43.672,0.015,43.672,0.035,2.928e4,6362,14.905,0.299,230.46,205.813,318.401,0.433,7.735,886.233,0.604,226.36
6.721,1127.741,201.901,20.517,44.139,0.015,44.139,0.059,2.928e4,6362,14.905,0.299,230.395,205.813,314.502,0.433,7.67,885.158,0.601,223.85
6.771,1137.8,200.878,20.386,44.605,0.015,44.605,0.076,2.928e4,6362,14.905,0.299,230.34,205.813,310.668,0.432,7.604,884.088,0.598,221.372
6.821,1147.808,199.862,20.257,45.068,0.016,45.068,0.048,2.928e4,6362,14.905,0.299,230.349,205.813,306.87,0.432,7.539,883.023,0.595,218.925
6.871,1157.765,198.852,20.132,45.529,0.016,45.529,0.014,2.928e4,6362,14.905,0.299,230.368,205.813,303.131,0.431,7.475,881.964,0.592,216.508
6.921,1167.672,197.849,20.008,45.988,0.016,45.988,0.006,2.928e4,6362,14.905,0.299,230.35,205.813,299.468,0.431,7.41,880.91,0.59,214.122
6.971,1177.529,196.852,19.89,46.446,0.017,46.446,0.039,2.928e4,6362,14.905,0.299,230.275,205.813,295.835,0.43,7.346,879.862,0.587,211.765
7.021,1187.336,195.861,19.771,46.902,0.017,46.902,0.062,2.928e4,6362,14.905,0.299,230.214,205.813,292.258,0.43,7.282,878.819,0.584,209.437
7.071,1197.094,194.875,19.646,47.358,0.017,47.358,0.027,2.928e4,6362,14.905,0.299,230.236,205.813,288.754,0.429,7.219,877.781,0.581,207.137
7.121,1206.802,193.896,19.525,47.813,0.018,47.813,0.008,2.928e4,6362,14.905,0.299,230.237,205.813,285.288,0.429,7.156,876.748,0.578,204.866
7.171,1216.462,192.923,19.409,48.266,0.018,48.266,0.016,2.928e4,6362,14.905,0.299,230.199,205.813,281.852,0.429,7.093,875.72,0.575,202.623
7.221,1226.074,191.956,19.296,48.718,0.018,48.718,0.039,2.928e4,6362,14.905,0.299,230.14,205.813,278.453,0.428,7.031,874.698,0.572,200.406
7.271,1235.637,190.994,19.183,49.169,0.018,49.169,0.048,2.928e4,6362,14.905,0.299,230.1,205.813,275.102,0.428,6.968,873.681,0.57,198.217
7.321,1245.152,190.038,19.066,49.618,0.019,49.618,0.014,2.928e4,6362,14.905,0.299,230.123,205.813,271.813,0.427,6.907,872.669,0.567,196.053
7.371,1254.619,189.088,18.951,50.067,0.019,50.067,0.025,2.928e4,6362,14.905,0.299,230.084,205.813,268.573,0.427,6.845,871.661,0.564,193.916
7.421,1264.039,188.143,18.84,50.514,0.019,50.514,0.061,2.928e4,6362,14.905,0.299,230.008,205.813,265.384,0.426,6.784,870.659,0.561,191.805
7.471,1273.413,187.204,18.731,50.96,0.02,50.96,0.108,2.928e4,6362,14.905,0.299,229.917,205.813,262.259,0.426,6.723,869.662,0.558,189.718
7.521,1282.739,186.27,18.625,51.402,0.02,51.402,0.091,2.928e4,6362,14.905,0.299,229.918,205.813,259.146,0.425,6.662,868.67,0.556,187.656
7.571,1292.019,185.342,18.522,51.843,0.02,51.843,0.073,2.928e4,6362,14.905,0.299,229.921,205.813,256.087,0.425,6.602,867.683,0.553,185.619
7.621,1301.252,184.418,18.42,52.282,0.021,52.282,0.047,2.928e4,6362,14.905,0.299,229.936,205.813,253.074,0.425,6.542,866.701,0.55,183.605
7.671,1310.44,183.5,18.325,52.719,0.021,52.719,0.023,2.928e4,6362,14.905,0.299,229.948,205.813,250.083,0.424,6.482,865.724,0.548,181.614
7.721,1319.582,182.586,18.231,53.155,0.021,53.155,0.07,2.928e4,6362,14.905,0.299,229.859,205.813,247.144,0.424,6.423,864.751,0.545,179.647
7.771,1328.678,181.677,18.138,53.59,0.022,53.59,0.103,2.928e4,6362,14.905,0.299,229.791,205.813,244.242,0.423,6.364,863.784,0.542,177.702
7.821,1337.728,180.774,18.039,54.025,0.022,54.025,0.102,2.928e4,6362,14.905,0.299,229.772,205.813,241.378,0.423,6.305,862.821,0.54,175.779
7.871,1346.734,179.875,17.934,54.459,0.022,54.459,0.048,2.928e4,6362,14.905,0.299,229.828,205.813,238.561,0.423,6.246,861.863,0.537,173.879
7.921,1355.695,178.981,17.832,54.893,0.022,54.893,0.012,2.928e4,6362,14.905,0.299,229.861,205.813,235.786,0.422,6.188,860.91,0.535,172.001
7.971,1364.611,178.092,17.738,55.325,0.023,55.325,0.004,2.928e4,6362,14.905,0.299,229.852,205.813,233.013,0.422,6.13,859.961,0.532,170.144
8.021,1373.483,177.208,17.645,55.756,0.023,55.756,0.003,2.928e4,6362,14.905,0.299,229.835,205.813,230.279,0.421,6.072,859.018,0.529,168.308
8.071,1382.311,176.328,17.554,56.186,0.023,56.186,0.011,2.928e4,6362,14.905,0.299,229.804,205.813,227.575,0.421,6.015,858.079,0.527,166.493
8.121,1391.095,175.453,17.462,56.614,0.024,56.614,0.003,2.928e4,6362,14.905,0.299,229.797,205.813,224.915,0.421,5.958,857.144,0.524,164.698
8.171,1399.836,174.582,17.368,57.041,0.024,57.041,0.058,2.928e4,6362,14.905,0.299,229.7,205.813,222.32,0.42,5.901,856.215,0.522,162.924
8.221,1408.533,173.716,17.279,57.467,0.024,57.467,0.077,2.928e4,6362,14.905,0.299,229.655,205.813,219.743,0.42,5.845,855.289,0.519,161.17
8.271,1417.187,172.854,17.193,57.891,0.025,57.891,0.051,2.928e4,6362,14.905,0.299,229.676,205.813,217.18,0.42,5.788,854.369,0.517,159.435
8.321,1425.798,171.997,17.11,58.313,0.025,58.313,0.017,2.928e4,6362,14.905,0.299,229.708,205.813,214.651,0.419,5.732,853.453,0.514,157.72
8.371,1434.366,171.143,17.028,58.734,0.025,58.734,0.015,2.928e4,6362,14.905,0.299,229.695,205.813,212.157,0.419,5.677,852.542,0.512,156.023
8.421,1442.891,170.294,16.948,59.154,0.025,59.154,0.051,2.928e4,6362,14.905,0.299,229.626,205.813,209.691,0.418,5.621,851.635,0.509,154.345
8.471,1451.375,169.449,16.866,59.573,0.026,59.573,0.056,2.928e4,6362,14.905,0.299,229.604,205.813,207.264,0.418,5.566,850.732,0.507,152.686
8.521,1459.816,168.609,16.781,59.991,0.026,59.991,0.027,2.928e4,6362,14.905,0.299,229.631,205.813,204.877,0.418,5.511,849.834,0.504,151.045
8.571,1468.215,167.772,16.698,60.409,0.026,60.409,0.015,2.928e4,6362,14.905,0.299,229.633,205.813,202.51,0.417,5.457,848.941,0.502,149.421
8.621,1476.572,166.939,16.619,60.825,0.027,60.825,0.02,2.928e4,6362,14.905,0.299,229.611,205.813,200.164,0.417,5.402,848.052,0.499,147.816
8.671,1484.888,166.111,16.539,61.241,0.027,61.241,0.01,2.928e4,6362,14.905,0.299,229.611,205.813,197.851,0.417,5.348,847.167,0.497,146.228
8.721,1493.163,165.286,16.457,61.655,0.027,61.655,0.032,2.928e4,6362,14.905,0.299,229.565,205.813,195.581,0.416,5.294,846.287,0.494,144.657
8.771,1501.396,164.465,16.38,62.068,0.028,62.068,0.038,2.928e4,6362,14.905,0.299,229.542,205.813,193.328,0.416,5.241,845.419,0.492,143.104
8.821,1509.588,163.648,16.304,62.48,0.028,62.48,0.045,2.928e4,6362,14.905,0.299,229.519,205.813,191.113,0.416,5.188,844.59,0.49,141.574
8.871,1517.74,162.835,16.229,62.891,0.028,62.891,0.046,2.928e4,6362,14.905,0.299,229.503,205.813,188.926,0.415,5.135,843.764,0.487,140.06
8.921,1525.851,162.025,16.156,63.3,0.028,63.3,0.026,2.928e4,6362,14.905,0.299,229.517,205.813,186.758,0.415,5.082,842.943,0.485,138.563
8.971,1533.922,161.22,16.083,63.707,0.029,63.707,0.037,2.928e4,6362,14.905,0.299,229.489,205.813,184.633,0.415,5.03,842.127,0.483,137.081
9.021,1541.953,160.417,16.012,64.114,0.029,64.114,0.025,2.928e4,6362,14.905,0.299,229.492,205.813,182.526,0.414,4.977,841.314,0.48,135.614
9.071,1549.943,159.619,15.943,64.519,0.029,64.519,0.007,2.928e4,6362,14.905,0.299,229.506,205.813,180.436,0.414,4.925,840.505,0.478,134.163
9.121,1557.894,158.824,15.875,64.924,0.03,64.924,0.027,2.928e4,6362,14.905,0.299,229.464,205.813,178.375,0.414,4.874,839.7,0.476,132.727
9.171,1565.805,158.032,15.807,65.327,0.03,65.327,0.038,2.928e4,6362,14.905,0.299,229.435,205.813,176.34,0.414,4.822,838.899,0.473,131.306
9.221,1573.677,157.244,15.737,65.73,0.03,65.73,0.029,2.928e4,6362,14.905,0.299,229.436,205.813,174.334,0.413,4.771,838.103,0.471,129.9
9.271,1581.509,156.459,15.672,66.131,0.03,66.131,0.052,2.928e4,6362,14.905,0.299,229.39,205.813,172.337,0.413,4.72,837.31,0.469,128.509
9.321,1589.302,155.677,15.607,66.532,0.031,66.533,0.071,2.928e4,6362,14.905,0.299,229.349,205.813,170.36,0.413,4.67,836.521,0.466,127.132
9.371,1597.056,154.899,15.539,66.933,0.031,66.933,0.064,2.928e4,6362,14.905,0.299,229.346,205.813,168.411,0.412,4.619,835.736,0.464,125.769
9.421,1604.771,154.124,15.473,67.333,0.031,67.333,0.063,2.928e4,6362,14.905,0.299,229.335,205.813,166.478,0.412,4.569,834.955,0.462,124.42
9.471,1612.448,153.353,15.404,67.732,0.032,67.732,0.034,2.928e4,6362,14.905,0.299,229.365,205.813,164.573,0.412,4.519,834.178,0.459,123.085
9.521,1620.086,152.585,15.337,68.131,0.032,68.131,0.007,2.928e4,6362,14.905,0.299,229.393,205.813,162.689,0.411,4.469,833.405,0.457,121.764
9.571,1627.686,151.82,15.27,68.528,0.032,68.528,0.028,2.928e4,6362,14.905,0.299,229.35,205.813,160.83,0.411,4.42,832.636,0.455,120.456
9.621,1635.247,151.058,15.206,68.925,0.033,68.925,0.05,2.928e4,6362,14.905,0.299,229.306,205.813,158.99,0.411,4.371,831.871,0.453,119.162
9.671,1642.771,150.3,15.144,69.32,0.033,69.32,0.051,2.928e4,6362,14.905,0.299,229.293,205.813,157.165,0.411,4.322,831.109,0.45,117.881
9.721,1650.257,149.544,15.082,69.714,0.033,69.714,0.049,2.928e4,6362,14.905,0.299,229.284,205.813,155.363,0.41,4.273,830.352,0.448,116.613
9.771,1657.705,148.792,15.021,70.107,0.034,70.107,0.056,2.928e4,6362,14.905,0.299,229.263,205.813,153.588,0.41,4.225,829.598,0.446,115.357
9.821,1665.115,148.042,14.961,70.499,0.034,70.499,0.063,2.928e4,6362,14.905,0.299,229.242,205.813,151.836,0.41,4.177,828.848,0.444,114.115
9.871,1672.488,147.296,14.902,70.889,0.034,70.889,0.054,2.928e4,6362,14.905,0.299,229.242,205.813,150.1,0.409,4.129,828.101,0.442,112.885
9.921,1679.824,146.552,14.845,71.278,0.035,71.278,0.042,2.928e4,6362,14.905,0.299,229.249,205.813,148.386,0.409,4.081,827.359,0.439,111.667
9.971,1687.123,145.812,14.787,71.666,0.035,71.666,0.043,2.928e4,6362,14.905,0.299,229.236,205.813,146.698,0.409,4.034,826.62,0.437,110.462
10.021,1694.385,145.074,14.731,72.053,0.035,72.053,0.026,2.928e4,6362,14.905,0.299,229.25,205.813,145.023,0.409,3.986,825.885,0.435,109.268
10.071,1701.61,144.339,14.677,72.439,0.036,72.439,0.009,2.928e4,6362,14.905,0.299,229.264,205.813,143.363,0.408,3.94,825.154,0.433,108.086
10.121,1708.798,143.607,14.626,72.825,0.036,72.825,0.056,2.928e4,6362,14.905,0.299,229.184,205.813,141.716,0.408,3.893,824.426,0.431,106.916
10.171,1715.95,142.878,14.573,73.209,0.036,73.209,0.08,2.928e4,6362,14.905,0.299,229.14,205.813,140.093,0.408,3.846,823.702,0.429,105.758
10.221,1723.065,142.151,14.518,73.593,0.037,73.593,0.079,2.928e4,6362,14.905,0.299,229.131,205.813,138.491,0.408,3.8,822.982,0.426,104.611
10.271,1730.144,141.427,14.46,73.977,0.037,73.977,0.045,2.928e4,6362,14.905,0.299,229.169,205.813,136.913,0.407,3.754,822.266,0.424,103.475
10.321,1737.187,140.706,14.405,74.36,0.037,74.36,0.025,2.928e4,6362,14.905,0.299,229.188,205.813,135.346,0.407,3.708,821.553,0.422,102.351
10.371,1744.194,139.987,14.351,74.743,0.038,74.743,0.018,2.928e4,6362,14.905,0.299,229.187,205.813,133.792,0.407,3.663,820.844,0.42,101.237
10.421,1751.165,139.272,14.295,75.124,0.038,75.124,0.023,2.928e4,6362,14.905,0.299,229.17,205.813,132.266,0.407,3.617,820.138,0.418,100.135
10.471,1758.1,138.558,14.239,75.505,0.038,75.505,0.097,2.928e4,6362,14.905,0.299,229.053,205.813,130.773,0.406,3.572,819.436,0.416,99.043
10.521,1765,137.848,14.186,75.884,0.039,75.884,0.119,2.928e4,6362,14.905,0.299,229.012,205.813,129.281,0.406,3.527,818.738,0.414,97.962
10.571,1771.864,137.14,14.138,76.262,0.039,76.262,0.079,2.928e4,6362,14.905,0.299,229.06,205.813,127.785,0.406,3.483,818.043,0.412,96.892
10.621,1778.693,136.434,14.094,76.639,0.039,76.639,0.005,2.928e4,6362,14.905,0.299,229.156,205.813,126.293,0.406,3.438,817.352,0.41,95.832
10.671,1785.487,135.731,14.047,77.015,0.04,77.015,0.037,2.928e4,6362,14.905,0.299,229.1,205.813,124.837,0.405,3.394,816.664,0.408,94.782
10.721,1792.246,135.031,14.002,77.39,0.04,77.39,0.077,2.928e4,6362,14.905,0.299,229.033,205.813,123.393,0.405,3.35,815.98,0.405,93.743
10.771,1798.969,134.333,13.954,77.765,0.04,77.765,0.084,2.928e4,6362,14.905,0.299,229.014,205.813,121.97,0.405,3.307,815.3,0.403,92.713
10.821,1805.658,133.637,13.909,78.14,0.041,78.14,0.115,2.928e4,6362,14.905,0.299,228.959,205.813,120.553,0.405,3.263,814.623,0.401,91.693
10.871,1812.312,132.943,13.861,78.514,0.041,78.514,0.114,2.928e4,6362,14.905,0.299,228.951,205.813,119.155,0.404,3.22,813.949,0.399,90.683
10.921,1818.931,132.252,13.81,78.888,0.041,78.888,0.079,2.928e4,6362,14.905,0.299,228.993,205.813,117.776,0.404,3.177,813.279,0.397,89.683
10.971,1825.516,131.564,13.757,79.261,0.042,79.261,0.008,2.928e4,6362,14.905,0.299,229.086,205.813,116.42,0.404,3.134,812.613,0.395,88.693
11.021,1832.067,130.877,13.706,79.634,0.042,79.634,0.058,2.928e4,6362,14.905,0.299,229.005,205.813,115.081,0.404,3.092,811.95,0.393,87.712
11.071,1838.583,130.194,13.659,80.006,0.042,80.006,0.073,2.928e4,6362,14.905,0.299,228.974,205.813,113.743,0.404,3.049,811.29,0.391,86.74
11.121,1845.065,129.512,13.613,80.377,0.043,80.377,0.09,2.928e4,6362,14.905,0.299,228.94,205.813,112.422,0.403,3.007,810.634,0.389,85.778
11.171,1851.513,128.833,13.566,80.746,0.043,80.746,0.129,2.928e4,6362,14.905,0.299,228.875,205.813,111.127,0.403,2.965,809.981,0.387,84.825
11.221,1857.927,128.156,13.522,81.114,0.043,81.114,0.12,2.928e4,6362,14.905,0.299,228.879,205.813,109.832,0.403,2.923,809.332,0.385,83.881
11.271,1864.307,127.481,13.48,81.482,0.044,81.482,0.088,2.928e4,6362,14.905,0.299,228.916,205.813,108.546,0.403,2.882,808.686,0.383,82.946
11.321,1870.654,126.808,13.442,81.848,0.044,81.848,0.021,2.928e4,6362,14.905,0.299,229.005,205.813,107.264,0.402,2.841,808.044,0.381,82.02
11.371,1876.967,126.137,13.4,82.213,0.044,82.213,0.008,2.928e4,6362,14.905,0.299,229.016,205.813,106.014,0.402,2.8,807.405,0.379,81.103
11.421,1883.247,125.469,13.36,82.577,0.045,82.577,0.018,2.928e4,6362,14.905,0.299,228.993,205.813,104.774,0.402,2.759,806.769,0.377,80.194
11.471,1889.493,124.802,13.321,82.941,0.045,82.941,0.061,2.928e4,6362,14.905,0.299,228.922,205.813,103.542,0.402,2.718,806.137,0.375,79.294
11.521,1895.706,124.138,13.281,83.305,0.045,83.305,0.073,2.928e4,6362,14.905,0.299,228.896,205.813,102.329,0.402,2.678,805.508,0.373,78.402
11.571,1901.885,123.476,13.24,83.668,0.046,83.668,0.074,2.928e4,6362,14.905,0.299,228.886,205.813,101.129,0.401,2.638,804.883,0.371,77.519
11.621,1908.032,122.815,13.201,84.03,0.046,84.03,0.089,2.928e4,6362,14.905,0.299,228.856,205.813,99.936,0.401,2.598,804.261,0.369,76.644
11.671,1914.145,122.157,13.158,84.392,0.046,84.392,0.065,2.928e4,6362,14.905,0.299,228.883,205.813,98.762,0.401,2.558,803.642,0.367,75.777
11.721,1920.226,121.501,13.114,84.754,0.047,84.754,0.013,2.928e4,6362,14.905,0.299,228.95,205.813,97.606,0.401,2.519,803.026,0.366,74.919
11.771,1926.274,120.847,13.071,85.115,0.047,85.115,0.031,2.928e4,6362,14.905,0.299,228.916,205.813,96.461,0.401,2.479,802.414,0.364,74.068
11.821,1932.289,120.195,13.033,85.475,0.047,85.475,0.022,2.928e4,6362,14.905,0.299,228.921,205.813,95.314,0.4,2.44,801.806,0.362,73.226
11.871,1938.272,119.544,12.995,85.835,0.048,85.835,0.007,2.928e4,6362,14.905,0.299,228.936,205.813,94.177,0.4,2.401,801.2,0.36,72.391
11.921,1944.222,118.896,12.957,86.194,0.048,86.194,0.015,2.928e4,6362,14.905,0.299,228.915,205.813,93.059,0.4,2.363,800.598,0.358,71.564
11.971,1950.14,118.25,12.915,86.552,0.048,86.552,0.067,2.928e4,6362,14.905,0.299,228.833,205.813,91.966,0.4,2.324,799.999,0.356,70.745
12.021,1956.025,117.605,12.876,86.909,0.049,86.909,0.102,2.928e4,6362,14.905,0.299,228.774,205.813,90.881,0.4,2.286,799.403,0.354,69.934
12.071,1961.879,116.963,12.839,87.266,0.049,87.266,0.103,2.928e4,6362,14.905,0.299,228.766,205.813,89.8,0.399,2.248,798.811,0.352,69.13
12.121,1967.7,116.322,12.804,87.621,0.05,87.621,0.069,2.928e4,6362,14.905,0.299,228.808,205.813,88.72,0.399,2.21,798.221,0.35,68.333
12.171,1973.489,115.683,12.771,87.975,0.05,87.975,0.026,2.928e4,6362,14.905,0.299,228.862,205.813,87.652,0.399,2.172,797.635,0.348,67.544
12.221,1979.247,115.046,12.737,88.329,0.05,88.329,0.001,2.928e4,6362,14.905,0.299,228.891,205.813,86.599,0.399,2.135,797.053,0.346,66.763
12.271,1984.972,114.41,12.706,88.682,0.051,88.682,0.059,2.928e4,6362,14.905,0.299,228.8,205.813,85.55,0.399,2.098,796.473,0.344,65.988
12.321,1990.666,113.777,12.677,89.035,0.051,89.035,0.124,2.928e4,6362,14.905,0.299,228.698,205.813,84.51,0.399,2.061,795.897,0.343,65.221
12.371,1996.328,113.144,12.643,89.387,0.051,89.387,0.141,2.928e4,6362,14.905,0.299,228.666,205.813,83.487,0.398,2.024,795.324,0.341,64.46
12.421,2001.959,112.514,12.607,89.739,0.052,89.739,0.118,2.928e4,6362,14.905,0.299,228.692,205.813,82.48,0.398,1.987,794.764,0.339,63.708
12.471,2007.557,111.886,12.568,90.091,0.052,90.091,0.064,2.928e4,6362,14.905,0.299,228.763,205.813,81.49,0.398,1.951,794.225,0.337,62.964
12.521,2013.125,111.259,12.531,90.443,0.052,90.443,0.035,2.928e4,6362,14.905,0.299,228.799,205.813,80.504,0.398,1.915,793.689,0.335,62.226
12.571,2018.661,110.634,12.496,90.794,0.053,90.794,0.007,2.928e4,6362,14.905,0.299,228.833,205.813,79.528,0.398,1.879,793.156,0.333,61.496
12.621,2024.166,110.011,12.464,91.144,0.053,91.144,0.025,2.928e4,6362,14.905,0.299,228.799,205.813,78.551,0.397,1.843,792.626,0.331,60.772
12.671,2029.64,109.389,12.436,91.494,0.053,91.494,0.083,2.928e4,6362,14.905,0.299,228.708,205.813,77.575,0.397,1.807,792.099,0.33,60.055
12.721,2035.083,108.769,12.402,91.843,0.054,91.843,0.072,2.928e4,6362,14.905,0.299,228.717,205.813,76.621,0.397,1.772,791.575,0.328,59.344
12.771,2040.494,108.15,12.367,92.193,0.054,92.193,0.033,2.928e4,6362,14.905,0.299,228.767,205.813,75.682,0.397,1.737,791.054,0.326,58.64
12.821,2045.875,107.534,12.332,92.541,0.055,92.541,0.006,2.928e4,6362,14.905,0.299,228.8,205.813,74.752,0.397,1.702,790.536,0.324,57.943
12.871,2051.225,106.918,12.298,92.889,0.055,92.889,0.052,2.928e4,6362,14.905,0.299,228.726,205.813,73.834,0.397,1.667,790.021,0.322,57.252
12.921,2056.544,106.305,12.266,93.237,0.055,93.237,0.052,2.928e4,6362,14.905,0.299,228.72,205.813,72.915,0.396,1.632,789.509,0.32,56.567
12.971,2061.833,105.693,12.237,93.584,0.056,93.584,0.036,2.928e4,6362,14.905,0.299,228.736,205.813,72.003,0.396,1.598,789,0.319,55.889
13.021,2067.091,105.083,12.206,93.93,0.056,93.93,0.037,2.928e4,6362,14.905,0.299,228.728,205.813,71.104,0.396,1.564,788.494,0.317,55.216
13.071,2072.319,104.474,12.173,94.275,0.056,94.275,0.075,2.928e4,6362,14.905,0.299,228.666,205.813,70.223,0.396,1.53,787.991,0.315,54.55
13.121,2077.516,103.866,12.142,94.62,0.057,94.62,0.102,2.928e4,6362,14.905,0.299,228.622,205.813,69.35,0.396,1.496,787.491,0.313,53.89
13.171,2082.682,103.26,12.111,94.964,0.057,94.964,0.131,2.928e4,6362,14.905,0.299,228.573,205.813,68.489,0.396,1.463,786.994,0.311,53.236
13.221,2087.819,102.656,12.08,95.307,0.058,95.307,0.167,2.928e4,6362,14.905,0.299,228.515,205.813,67.639,0.396,1.429,786.499,0.309,52.588
13.271,2092.925,102.053,12.051,95.649,0.058,95.649,0.177,2.928e4,6362,14.905,0.299,228.494,205.813,66.794,0.395,1.396,786.008,0.308,51.946
13.321,2098.001,101.452,12.023,95.99,0.058,95.99,0.147,2.928e4,6362,14.905,0.299,228.531,205.813,65.948,0.395,1.363,785.519,0.306,51.31
13.371,2103.047,100.852,11.996,96.331,0.059,96.331,0.13,2.928e4,6362,14.905,0.299,228.55,205.813,65.116,0.395,1.33,785.033,0.304,50.679
13.421,2108.063,100.253,11.966,96.67,0.059,96.67,0.159,2.928e4,6362,14.905,0.299,228.503,205.813,64.306,0.395,1.298,784.551,0.302,50.055
13.471,2113.05,99.656,11.94,97.009,0.06,97.009,0.126,2.928e4,6362,14.905,0.299,228.543,205.813,63.49,0.395,1.265,784.071,0.301,49.436
13.521,2118.006,99.06,11.916,97.346,0.06,97.346,0.06,2.928e4,6362,14.905,0.299,228.635,205.813,62.675,0.395,1.233,783.594,0.299,48.822
13.571,2122.933,98.466,11.891,97.684,0.06,97.684,0.029,2.928e4,6362,14.905,0.299,228.674,205.813,61.878,0.394,1.201,783.119,0.297,48.215
13.621,2127.83,97.872,11.866,98.02,0.061,98.02,4.894e-4,2.928e4,6362,14.905,0.299,228.709,205.813,61.09,0.394,1.169,782.648,0.295,47.612
13.671,2132.697,97.281,11.847,98.356,0.061,98.356,0.112,2.928e4,6362,14.905,0.299,228.54,205.813,60.295,0.394,1.137,782.18,0.294,47.015
13.721,2137.534,96.69,11.828,98.692,0.061,98.692,0.207,2.928e4,6362,14.905,0.299,228.398,205.813,59.513,0.394,1.106,781.714,0.292,46.424
13.771,2142.342,96.101,11.808,99.028,0.062,99.028,0.29,2.928e4,6362,14.905,0.299,228.272,205.813,58.74,0.394,1.075,781.251,0.29,45.838
13.821,2147.121,95.512,11.784,99.364,0.062,99.364,0.313,2.928e4,6362,14.905,0.299,228.233,205.813,57.977,0.394,1.044,780.791,0.288,45.257
13.871,2151.87,94.926,11.756,99.7,0.063,99.7,0.289,2.928e4,6362,14.905,0.299,228.262,205.813,57.223,0.394,1.013,780.334,0.286,44.681
13.921,2156.59,94.34,11.729,100.036,0.063,100.036,0.269,2.928e4,6362,14.905,0.299,228.285,205.813,56.472,0.393,0.982,779.88,0.285,44.111
13.971,2161.28,93.756,11.699,100.372,0.063,100.372,0.219,2.928e4,6362,14.905,0.299,228.352,205.813,55.73,0.393,0.952,779.428,0.283,43.546
14.021,2165.941,93.173,11.672,100.709,0.064,100.709,0.198,2.928e4,6362,14.905,0.299,228.377,205.813,54.991,0.393,0.921,778.98,0.281,42.987
14.071,2170.573,92.592,11.642,101.045,0.064,101.045,0.143,2.928e4,6362,14.905,0.299,228.451,205.813,54.261,0.393,0.891,778.534,0.279,42.432
14.121,2175.176,92.012,11.611,101.381,0.065,101.381,0.052,2.928e4,6362,14.905,0.299,228.579,205.813,53.544,0.393,0.861,778.091,0.278,41.883
14.171,2179.75,91.433,11.583,101.717,0.065,101.717,0.013,2.928e4,6362,14.905,0.299,228.631,205.813,52.832,0.393,0.832,777.651,0.276,41.338
14.221,2184.295,90.855,11.556,102.052,0.065,102.052,0.071,2.928e4,6362,14.905,0.299,228.541,205.813,52.127,0.393,0.802,777.213,0.274,40.799
14.271,2188.811,90.279,11.53,102.387,0.066,102.387,0.096,2.928e4,6362,14.905,0.299,228.499,205.813,51.424,0.393,0.773,776.778,0.273,40.265
14.321,2193.298,89.704,11.504,102.721,0.066,102.721,0.16,2.928e4,6362,14.905,0.299,228.401,205.813,50.738,0.392,0.744,776.346,0.271,39.736
14.371,2197.756,89.13,11.479,103.054,0.067,103.054,0.198,2.928e4,6362,14.905,0.299,228.34,205.813,50.055,0.392,0.715,775.917,0.269,39.212
14.421,2202.186,88.557,11.452,103.387,0.067,103.387,0.275,2.928e4,6362,14.905,0.299,228.224,205.813,49.39,0.392,0.686,775.491,0.267,38.692
14.471,2206.587,87.986,11.428,103.718,0.067,103.718,0.323,2.928e4,6362,14.905,0.299,228.151,205.813,48.728,0.392,0.657,775.067,0.266,38.177
14.521,2210.959,87.415,11.405,104.049,0.068,104.049,0.333,2.928e4,6362,14.905,0.299,228.13,205.813,48.066,0.392,0.629,774.646,0.264,37.667
14.571,2215.303,86.846,11.382,104.378,0.068,104.378,0.338,2.928e4,6362,14.905,0.299,228.118,205.813,47.412,0.392,0.601,774.228,0.262,37.162
14.621,2219.619,86.278,11.362,104.707,0.069,104.707,0.28,2.928e4,6362,14.905,0.299,228.197,205.813,46.75,0.392,0.572,773.813,0.261,36.662
14.671,2223.906,85.711,11.341,105.035,0.069,105.035,0.259,2.928e4,6362,14.905,0.299,228.222,205.813,46.106,0.391,0.545,773.4,0.259,36.166
14.721,2228.165,85.145,11.321,105.361,0.069,105.361,0.224,2.928e4,6362,14.905,0.299,228.269,205.813,45.467,0.391,0.517,772.99,0.257,35.674
14.771,2232.396,84.58,11.3,105.687,0.07,105.687,0.207,2.928e4,6362,14.905,0.299,228.289,205.813,44.84,0.391,0.489,772.583,0.256,35.188
14.821,2236.598,84.016,11.283,106.012,0.07,106.012,0.123,2.928e4,6362,14.905,0.299,228.406,205.813,44.208,0.391,0.462,772.179,0.254,34.705
14.871,2240.772,83.454,11.268,106.337,0.071,106.337,0.013,2.928e4,6362,14.905,0.299,228.561,205.813,43.575,0.391,0.435,771.777,0.252,34.228
14.921,2244.918,82.892,11.252,106.661,0.071,106.661,0.098,2.928e4,6362,14.905,0.299,228.433,205.813,42.96,0.391,0.408,771.378,0.251,33.754
14.971,2249.036,82.331,11.239,106.985,0.071,106.985,0.22,2.928e4,6362,14.905,0.299,228.251,205.813,42.347,0.391,0.381,770.981,0.249,33.285
15.021,2253.126,81.771,11.226,107.309,0.072,107.309,0.322,2.928e4,6362,14.905,0.299,228.099,205.813,41.744,0.391,0.355,770.588,0.247,32.821
15.071,2257.187,81.212,11.205,107.633,0.072,107.633,0.318,2.928e4,6362,14.905,0.299,228.1,205.813,41.154,0.391,0.328,770.197,0.245,32.36
15.121,2261.221,80.655,11.186,107.957,0.073,107.957,0.338,2.928e4,6362,14.905,0.299,228.067,205.813,40.565,0.39,0.302,769.809,0.244,31.904
15.171,2265.227,80.098,11.169,108.281,0.073,108.281,0.37,2.928e4,6362,14.905,0.299,228.016,205.813,39.98,0.39,0.276,769.423,0.242,31.452
15.221,2269.205,79.542,11.149,108.606,0.074,108.606,0.383,2.928e4,6362,14.905,0.299,227.993,205.813,39.4,0.39,0.25,769.04,0.24,31.005
15.271,2273.155,78.987,11.128,108.93,0.074,108.931,0.367,2.928e4,6362,14.905,0.299,228.012,205.813,38.825,0.39,0.224,768.66,0.239,30.562
15.321,2277.077,78.434,11.105,109.255,0.074,109.255,0.316,2.928e4,6362,14.905,0.299,228.081,205.813,38.256,0.39,0.199,768.282,0.237,30.123
15.371,2280.971,77.881,11.079,109.58,0.075,109.58,0.207,2.928e4,6362,14.905,0.299,228.235,205.813,37.697,0.39,0.174,767.908,0.236,29.688
15.421,2284.838,77.329,11.053,109.905,0.075,109.905,0.1,2.928e4,6362,14.905,0.299,228.385,205.813,37.145,0.39,0.149,767.535,0.234,29.257
15.471,2288.677,76.779,11.029,110.229,0.076,110.229,0.004,2.928e4,6362,14.905,0.299,228.522,205.813,36.601,0.39,0.124,767.166,0.232,28.831
15.521,2292.488,76.229,11.006,110.554,0.076,110.554,0.087,2.928e4,6362,14.905,0.299,228.396,205.813,36.062,0.39,0.099,766.799,0.231,28.409
15.571,2296.272,75.681,10.986,110.877,0.076,110.877,0.123,2.928e4,6362,14.905,0.299,228.339,205.813,35.522,0.389,0.074,766.435,0.229,27.991
15.621,2300.028,75.133,10.968,111.201,0.077,111.201,0.117,2.928e4,6362,14.905,0.299,228.344,205.813,34.981,0.389,0.05,766.073,0.227,27.576
15.671,2303.757,74.586,10.952,111.523,0.077,111.523,0.083,2.928e4,6362,14.905,0.299,228.39,205.813,34.442,0.389,0.026,765.714,0.226,27.166
15.721,2307.459,74.04,10.932,111.845,0.078,111.845,0.117,2.928e4,6362,14.905,0.299,228.335,205.813,33.919,0.389,0.002,765.358,0.224,26.76
15.771,2311.133,73.496,10.912,112.167,0.078,112.167,0.177,2.928e4,6362,14.905,0.299,228.245,205.813,33.407,0.389,-0.022,765.004,0.222,26.358
15.821,2314.78,72.952,10.893,112.488,0.079,112.488,0.224,2.928e4,6362,14.905,0.299,228.173,205.813,32.899,0.389,-0.046,764.653,0.221,25.959
15.871,2318.4,72.409,10.874,112.809,0.079,112.809,0.272,2.928e4,6362,14.905,0.299,228.099,205.813,32.398,0.389,-0.07,764.305,0.219,25.565
15.921,2321.993,71.866,10.855,113.129,0.079,113.129,0.315,2.928e4,6362,14.905,0.299,228.033,205.813,31.903,0.389,-0.093,763.959,0.218,25.174
15.971,2325.559,71.325,10.837,113.448,0.08,113.448,0.371,2.928e4,6362,14.905,0.299,227.949,205.813,31.416,0.389,-0.116,763.616,0.216,24.787
16.021,2329.097,70.785,10.818,113.766,0.08,113.766,0.42,2.928e4,6362,14.905,0.299,227.875,205.813,30.936,0.389,-0.139,763.275,0.214,24.404
16.071,2332.608,70.245,10.803,114.084,0.081,114.084,0.393,2.928e4,6362,14.905,0.299,227.91,205.813,30.446,0.388,-0.162,762.937,0.213,24.025
16.121,2336.093,69.707,10.789,114.401,0.081,114.401,0.309,2.928e4,6362,14.905,0.299,228.028,205.813,29.952,0.388,-0.185,762.602,0.211,23.65
16.171,2339.55,69.169,10.776,114.717,0.082,114.717,0.235,2.928e4,6362,14.905,0.299,228.131,205.813,29.467,0.388,-0.207,762.269,0.209,23.278
16.221,2342.981,68.632,10.76,115.033,0.082,115.033,0.229,2.928e4,6362,14.905,0.299,228.134,205.813,29,0.388,-0.229,761.939,0.208,22.91
16.271,2346.384,68.095,10.744,115.348,0.082,115.348,0.226,2.928e4,6362,14.905,0.299,228.136,205.813,28.539,0.388,-0.251,761.611,0.206,22.545
16.321,2349.761,67.56,10.726,115.662,0.083,115.662,0.291,2.928e4,6362,14.905,0.299,228.038,205.813,28.095,0.388,-0.273,761.286,0.205,22.184
16.371,2353.111,67.025,10.71,115.976,0.083,115.976,0.323,2.928e4,6362,14.905,0.299,227.988,205.813,27.651,0.388,-0.295,760.964,0.203,21.827
16.421,2356.434,66.492,10.697,116.289,0.084,116.289,0.246,2.928e4,6362,14.905,0.299,228.096,205.813,27.194,0.388,-0.317,760.644,0.202,21.474
16.471,2359.731,65.959,10.686,116.602,0.084,116.602,0.149,2.928e4,6362,14.905,0.299,228.233,205.813,26.74,0.388,-0.338,760.327,0.2,21.124
16.521,2363,65.426,10.676,116.914,0.085,116.914,0.013,2.928e4,6362,14.905,0.299,228.428,205.813,26.289,0.388,-0.36,760.012,0.198,20.777
16.571,2366.244,64.895,10.666,117.226,0.085,117.226,0.088,2.928e4,6362,14.905,0.299,228.315,205.813,25.848,0.388,-0.381,759.7,0.197,20.434
16.621,2369.46,64.364,10.656,117.538,0.085,117.538,0.186,2.928e4,6362,14.905,0.299,228.169,205.813,25.413,0.387,-0.401,759.39,0.195,20.094
16.671,2372.65,63.834,10.644,117.849,0.086,117.849,0.253,2.928e4,6362,14.905,0.299,228.07,205.813,24.986,0.387,-0.422,759.083,0.193,19.758
16.721,2375.813,63.304,10.635,118.161,0.086,118.161,0.354,2.928e4,6362,14.905,0.299,227.92,205.813,24.561,0.387,-0.443,758.779,0.192,19.425
16.771,2378.949,62.775,10.625,118.472,0.087,118.472,0.444,2.928e4,6362,14.905,0.299,227.788,205.813,24.142,0.387,-0.463,758.477,0.19,19.096
16.821,2382.059,62.247,10.613,118.784,0.087,118.784,0.482,2.928e4,6362,14.905,0.299,227.73,205.813,23.728,0.387,-0.483,758.177,0.189,18.77
16.871,2385.143,61.72,10.603,119.096,0.088,119.096,0.555,2.928e4,6362,14.905,0.299,227.622,205.813,23.317,0.387,-0.503,757.881,0.187,18.448
16.921,2388.2,61.193,10.591,119.408,0.088,119.408,0.6,2.928e4,6362,14.905,0.299,227.554,205.813,22.909,0.387,-0.523,757.586,0.185,18.128
16.971,2391.23,60.668,10.574,119.72,0.089,119.72,0.542,2.928e4,6362,14.905,0.299,227.634,205.813,22.508,0.387,-0.543,757.295,0.184,17.813
17.021,2394.234,60.142,10.553,120.032,0.089,120.032,0.41,2.928e4,6362,14.905,0.299,227.819,205.813,22.113,0.387,-0.563,757.006,0.182,17.5
17.071,2397.212,59.618,10.539,120.345,0.089,120.345,0.399,2.928e4,6362,14.905,0.299,227.833,205.813,21.718,0.387,-0.582,756.719,0.181,17.191
17.121,2400.163,59.095,10.521,120.657,0.09,120.657,0.299,2.928e4,6362,14.905,0.299,227.973,205.813,21.331,0.387,-0.601,756.435,0.179,16.885
17.171,2403.088,58.572,10.501,120.97,0.09,120.97,0.14,2.928e4,6362,14.905,0.299,228.202,205.813,20.954,0.387,-0.62,756.153,0.178,16.583
17.221,2405.987,58.05,10.484,121.282,0.091,121.282,0.056,2.928e4,6362,14.905,0.299,228.32,205.813,20.577,0.386,-0.639,755.874,0.176,16.284
17.271,2408.86,57.529,10.467,121.594,0.091,121.594,0.041,2.928e4,6362,14.905,0.299,228.34,205.813,20.206,0.386,-0.658,755.598,0.175,15.988
17.321,2411.706,57.008,10.451,121.906,0.092,121.906,0.154,2.928e4,6362,14.905,0.299,228.172,205.813,19.842,0.386,-0.676,755.324,0.173,15.695
17.371,2414.526,56.488,10.437,122.218,0.092,122.218,0.191,2.928e4,6362,14.905,0.299,228.115,205.813,19.475,0.386,-0.694,755.052,0.172,15.406
17.421,2417.32,55.969,10.425,122.529,0.093,122.529,0.161,2.928e4,6362,14.905,0.299,228.156,205.813,19.104,0.386,-0.713,754.783,0.17,15.12
17.471,2420.089,55.451,10.412,122.839,0.093,122.839,0.194,2.928e4,6362,14.905,0.299,228.106,205.813,18.745,0.386,-0.731,754.517,0.168,14.837
17.521,2422.831,54.933,10.397,123.15,0.094,123.15,0.285,2.928e4,6362,14.905,0.299,227.971,205.813,18.398,0.386,-0.748,754.253,0.167,14.557
17.571,2425.547,54.416,10.383,123.46,0.094,123.46,0.339,2.928e4,6362,14.905,0.299,227.889,205.813,18.051,0.386,-0.766,753.992,0.165,14.28
17.621,2428.237,53.899,10.371,123.769,0.094,123.769,0.359,2.928e4,6362,14.905,0.299,227.858,205.813,17.704,0.386,-0.784,753.733,0.164,14.006
17.671,2430.901,53.383,10.361,124.078,0.095,124.078,0.319,2.928e4,6362,14.905,0.299,227.913,205.813,17.354,0.386,-0.801,753.476,0.162,13.736
17.721,2433.539,52.868,10.35,124.386,0.095,124.386,0.303,2.928e4,6362,14.905,0.299,227.933,205.813,17.011,0.386,-0.818,753.222,0.161,13.468
17.771,2436.152,52.354,10.34,124.694,0.096,124.694,0.26,2.928e4,6362,14.905,0.299,227.992,205.813,16.67,0.386,-0.835,752.971,0.159,13.203
17.821,2438.738,51.84,10.328,125.002,0.096,125.002,0.286,2.928e4,6362,14.905,0.299,227.953,205.813,16.341,0.386,-0.852,752.722,0.157,12.942
17.871,2441.299,51.326,10.316,125.309,0.097,125.309,0.315,2.928e4,6362,14.905,0.299,227.909,205.813,16.017,0.386,-0.868,752.475,0.156,12.684
17.921,2443.834,50.814,10.306,125.616,0.097,125.616,0.267,2.928e4,6362,14.905,0.299,227.975,205.813,15.688,0.385,-0.885,752.231,0.154,12.428
17.971,2446.343,50.302,10.297,125.923,0.098,125.923,0.218,2.928e4,6362,14.905,0.299,228.044,205.813,15.363,0.385,-0.901,751.99,0.153,12.176
18.021,2448.827,49.79,10.287,126.229,0.098,126.229,0.184,2.928e4,6362,14.905,0.299,228.089,205.813,15.044,0.385,-0.917,751.751,0.151,11.926
18.071,2451.285,49.279,10.275,126.534,0.099,126.534,0.229,2.928e4,6362,14.905,0.299,228.022,205.813,14.738,0.385,-0.933,751.514,0.15,11.68
18.121,2453.717,48.769,10.265,126.84,0.099,126.84,0.227,2.928e4,6362,14.905,0.299,228.023,205.813,14.43,0.385,-0.949,751.28,0.148,11.436
18.171,2456.123,48.259,10.255,127.145,0.1,127.145,0.229,2.928e4,6362,14.905,0.299,228.018,205.813,14.127,0.385,-0.965,751.049,0.147,11.196
18.221,2458.504,47.75,10.246,127.45,0.1,127.45,0.188,2.928e4,6362,14.905,0.299,228.074,205.813,13.823,0.385,-0.98,750.819,0.145,10.958
18.271,2460.859,47.241,10.235,127.754,0.1,127.754,0.228,2.928e4,6362,14.905,0.299,228.015,205.813,13.531,0.385,-0.996,750.593,0.144,10.723
18.321,2463.189,46.734,10.222,128.058,0.101,128.058,0.303,2.928e4,6362,14.905,0.299,227.902,205.813,13.247,0.385,-1.011,750.368,0.142,10.491
18.371,2465.493,46.226,10.21,128.362,0.101,128.362,0.389,2.928e4,6362,14.905,0.299,227.777,205.813,12.968,0.385,-1.026,750.147,0.141,10.262
18.421,2467.771,45.719,10.197,128.665,0.102,128.665,0.55,2.928e4,6362,14.905,0.299,227.544,205.813,12.702,0.385,-1.041,749.927,0.139,10.036
18.471,2470.024,45.213,10.187,128.968,0.102,128.968,0.559,2.928e4,6362,14.905,0.299,227.529,205.813,12.422,0.385,-1.055,749.711,0.138,9.813
18.521,2472.252,44.708,10.178,129.271,0.103,129.271,0.547,2.928e4,6362,14.905,0.299,227.544,205.813,12.144,0.385,-1.07,749.496,0.136,9.592
18.571,2474.454,44.202,10.167,129.573,0.103,129.573,0.614,2.928e4,6362,14.905,0.299,227.446,205.813,11.88,0.385,-1.084,749.284,0.135,9.375
18.621,2476.631,43.698,10.157,129.874,0.104,129.874,0.653,2.928e4,6362,14.905,0.299,227.389,205.813,11.616,0.385,-1.098,749.075,0.133,9.16
18.671,2478.782,43.194,10.145,130.175,0.104,130.175,0.767,2.928e4,6362,14.905,0.299,227.225,205.813,11.365,0.385,-1.112,748.868,0.132,8.948
18.721,2480.908,42.691,10.135,130.476,0.105,130.476,0.845,2.928e4,6362,14.905,0.299,227.114,205.813,11.114,0.384,-1.126,748.663,0.13,8.738
18.771,2483.009,42.188,10.127,130.776,0.105,130.776,0.791,2.928e4,6362,14.905,0.299,227.187,205.813,10.85,0.384,-1.14,748.461,0.129,8.532
18.821,2485.084,41.685,10.12,131.075,0.106,131.075,0.726,2.928e4,6362,14.905,0.299,227.277,205.813,10.588,0.384,-1.153,748.261,0.127,8.328
18.871,2487.134,41.184,10.111,131.374,0.106,131.374,0.741,2.928e4,6362,14.905,0.299,227.254,205.813,10.341,0.384,-1.166,748.064,0.126,8.127
18.921,2489.159,40.682,10.104,131.673,0.107,131.673,0.691,2.928e4,6362,14.905,0.299,227.322,205.813,10.089,0.384,-1.18,747.869,0.124,7.929
18.971,2491.158,40.182,10.097,131.971,0.107,131.971,0.644,2.928e4,6362,14.905,0.299,227.387,205.813,9.842,0.384,-1.193,747.676,0.123,7.733
19.021,2493.133,39.682,10.093,132.269,0.107,132.269,0.491,2.928e4,6362,14.905,0.299,227.602,205.813,9.587,0.384,-1.205,747.486,0.121,7.54
19.071,2495.082,39.182,10.086,132.566,0.108,132.566,0.446,2.928e4,6362,14.905,0.299,227.665,205.813,9.348,0.384,-1.218,747.299,0.12,7.35
19.121,2497.006,38.683,10.079,132.863,0.108,132.863,0.412,2.928e4,6362,14.905,0.299,227.713,205.813,9.113,0.384,-1.231,747.113,0.118,7.163
19.171,2498.904,38.184,10.07,133.16,0.109,133.16,0.45,2.928e4,6362,14.905,0.299,227.656,205.813,8.888,0.384,-1.243,746.931,0.117,6.978
19.221,2500.778,37.686,10.064,133.456,0.109,133.456,0.405,2.928e4,6362,14.905,0.299,227.719,205.813,8.659,0.384,-1.255,746.754,0.115,6.796
19.271,2502.626,37.188,10.06,133.752,0.11,133.752,0.232,2.928e4,6362,14.905,0.299,227.967,205.813,8.423,0.384,-1.267,746.585,0.114,6.616
19.321,2504.449,36.691,10.052,134.048,0.11,134.048,0.251,2.928e4,6362,14.905,0.299,227.937,205.813,8.206,0.384,-1.279,746.418,0.112,6.439
19.371,2506.247,36.195,10.044,134.343,0.111,134.343,0.296,2.928e4,6362,14.905,0.299,227.87,205.813,7.995,0.384,-1.291,746.254,0.111,6.265
19.421,2508.02,35.699,10.039,134.639,0.111,134.639,0.191,2.928e4,6362,14.905,0.299,228.021,205.813,7.774,0.384,-1.302,746.092,0.109,6.093
19.471,2509.768,35.203,10.034,134.934,0.112,134.934,0.12,2.928e4,6362,14.905,0.299,228.123,205.813,7.56,0.384,-1.313,745.932,0.108,5.924
19.521,2511.491,34.708,10.027,135.229,0.112,135.229,0.1,2.928e4,6362,14.905,0.299,228.149,205.813,7.353,0.384,-1.325,745.774,0.106,5.758
19.571,2513.188,34.214,10.022,135.523,0.113,135.523,0.028,2.928e4,6362,14.905,0.299,228.253,205.813,7.145,0.384,-1.336,745.619,0.105,5.594
19.621,2514.861,33.72,10.018,135.818,0.113,135.818,0.1,2.928e4,6362,14.905,0.299,228.147,205.813,6.937,0.384,-1.347,745.466,0.103,5.433
19.671,2516.508,33.227,10.012,136.112,0.114,136.112,0.145,2.928e4,6362,14.905,0.299,228.079,205.813,6.737,0.384,-1.357,745.315,0.102,5.274
19.721,2518.131,32.734,10.002,136.406,0.114,136.407,0.005,2.928e4,6362,14.905,0.299,228.282,205.813,6.551,0.384,-1.368,745.167,0.1,5.118
19.771,2519.729,32.242,9.993,136.701,0.115,136.701,0.114,2.928e4,6362,14.905,0.299,228.121,205.813,6.366,0.383,-1.378,745.021,0.099,4.965
19.821,2521.301,31.75,9.989,136.995,0.115,136.995,0.012,2.928e4,6362,14.905,0.299,228.268,205.813,6.171,0.383,-1.388,744.877,0.098,4.814
19.871,2522.849,31.259,9.984,137.288,0.116,137.289,0.051,2.928e4,6362,14.905,0.299,228.21,205.813,5.981,0.383,-1.399,744.735,0.096,4.665
19.921,2524.371,30.768,9.98,137.582,0.116,137.582,0.147,2.928e4,6362,14.905,0.299,228.069,205.813,5.793,0.383,-1.408,744.596,0.095,4.519
19.971,2525.869,30.279,9.979,137.876,0.117,137.876,0.376,2.928e4,6362,14.905,0.299,227.736,205.813,5.603,0.383,-1.418,744.459,0.093,4.376
20.021,2527.342,29.789,9.976,138.169,0.117,138.169,0.53,2.928e4,6362,14.905,0.299,227.512,205.813,5.42,0.383,-1.428,744.324,0.091,4.235
20.071,2528.789,29.3,9.965,138.463,0.117,138.463,0.333,2.928e4,6362,14.905,0.299,227.795,205.813,5.252,0.383,-1.437,744.192,0.09,4.096
20.121,2530.212,28.812,9.958,138.756,0.118,138.756,0.269,2.928e4,6362,14.905,0.299,227.885,205.813,5.082,0.383,-1.446,744.061,0.089,3.961
20.171,2531.61,28.325,9.955,139.05,0.118,139.05,0.423,2.928e4,6362,14.905,0.299,227.661,205.813,4.907,0.383,-1.455,743.934,0.087,3.827
20.221,2532.983,27.838,9.949,139.343,0.119,139.343,0.412,2.928e4,6362,14.905,0.299,227.676,205.813,4.741,0.383,-1.464,743.808,0.086,3.696
20.271,2534.332,27.352,9.939,139.636,0.119,139.636,0.195,2.928e4,6362,14.905,0.299,227.989,205.813,4.585,0.383,-1.473,743.685,0.084,3.568
20.321,2535.655,26.866,9.927,139.929,0.12,139.93,0.185,2.928e4,6362,14.905,0.299,228.002,205.813,4.441,0.383,-1.482,743.564,0.083,3.442
20.371,2536.954,26.382,9.916,140.223,0.12,140.223,0.502,2.928e4,6362,14.905,0.299,227.543,205.813,4.3,0.383,-1.49,743.445,0.082,3.318
20.421,2538.227,25.898,9.911,140.515,0.121,140.515,0.497,2.928e4,6362,14.905,0.299,227.549,205.813,4.144,0.383,-1.498,743.328,0.08,3.197
20.471,2539.476,25.415,9.907,140.808,0.121,140.808,0.455,2.928e4,6362,14.905,0.299,227.609,205.813,3.988,0.383,-1.507,743.214,0.079,3.079
20.521,2540.7,24.932,9.903,141.101,0.122,141.101,0.378,2.928e4,6362,14.905,0.299,227.717,205.813,3.833,0.383,-1.515,743.102,0.077,2.963
20.571,2541.9,24.451,9.898,141.393,0.122,141.393,0.425,2.928e4,6362,14.905,0.299,227.649,205.813,3.688,0.383,-1.522,742.992,0.076,2.849
20.621,2543.075,23.97,9.889,141.685,0.123,141.685,0.693,2.928e4,6362,14.905,0.299,227.265,205.813,3.558,0.383,-1.53,742.885,0.074,2.738
20.671,2544.225,23.49,9.882,141.977,0.123,141.977,0.895,2.928e4,6362,14.905,0.299,226.98,205.813,3.427,0.383,-1.537,742.78,0.073,2.629
20.721,2545.35,23.01,9.874,142.269,0.124,142.269,1.135,2.928e4,6362,14.905,0.299,226.643,205.813,3.302,0.383,-1.545,742.677,0.071,2.522
20.771,2546.45,22.532,9.867,142.56,0.124,142.56,1.36,2.928e4,6362,14.905,0.299,226.333,205.813,3.178,0.383,-1.552,742.576,0.07,2.418
20.821,2547.526,22.055,9.863,142.852,0.125,142.852,1.386,2.928e4,6362,14.905,0.299,226.296,205.813,3.045,0.383,-1.559,742.478,0.069,2.317
20.871,2548.578,21.578,9.857,143.143,0.125,143.143,1.521,2.928e4,6362,14.905,0.299,226.111,205.813,2.921,0.383,-1.566,742.381,0.067,2.217
20.921,2549.604,21.103,9.853,143.433,0.126,143.433,1.537,2.928e4,6362,14.905,0.299,226.087,205.813,2.793,0.383,-1.572,742.287,0.066,2.121
20.971,2550.606,20.628,9.849,143.724,0.126,143.724,1.563,2.928e4,6362,14.905,0.299,226.052,205.813,2.668,0.383,-1.579,742.196,0.064,2.026
21.021,2551.584,20.155,9.845,144.014,0.127,144.014,1.679,2.928e4,6362,14.905,0.299,225.893,205.813,2.551,0.383,-1.585,742.106,0.063,1.934
21.071,2552.537,19.683,9.839,144.304,0.127,144.304,1.844,2.928e4,6362,14.905,0.299,225.671,205.813,2.439,0.383,-1.591,742.019,0.061,1.844
21.121,2553.465,19.212,9.832,144.594,0.128,144.594,2.26,2.928e4,6362,14.905,0.299,225.12,205.813,2.344,0.383,-1.598,741.934,0.06,1.757
21.171,2554.368,18.742,9.823,144.884,0.128,144.884,2.726,2.928e4,6362,14.905,0.299,224.516,205.813,2.256,0.383,-1.603,741.852,0.059,1.672
21.221,2555.247,18.274,9.817,145.173,0.129,145.173,3.069,2.928e4,6362,14.905,0.299,224.08,205.813,2.163,0.383,-1.609,741.771,0.057,1.589
21.271,2556.102,17.807,9.811,145.462,0.129,145.462,3.394,2.928e4,6362,14.905,0.299,223.674,205.813,2.071,0.383,-1.615,741.693,0.056,1.509
21.321,2556.932,17.341,9.806,145.75,0.13,145.75,3.705,2.928e4,6362,14.905,0.299,223.291,205.813,1.979,0.383,-1.62,741.617,0.054,1.431
21.371,2557.737,16.878,9.801,146.038,0.13,146.038,4.032,2.928e4,6362,14.905,0.299,222.895,205.813,1.891,0.382,-1.625,741.543,0.053,1.355
21.421,2558.518,16.415,9.794,146.326,0.131,146.326,4.586,2.928e4,6362,14.905,0.299,222.238,205.813,1.819,0.382,-1.63,741.472,0.052,1.282
21.471,2559.275,15.955,9.786,146.614,0.131,146.614,5.181,2.928e4,6362,14.905,0.299,221.553,205.813,1.752,0.382,-1.635,741.403,0.051,1.211
21.521,2560.007,15.497,9.783,146.901,0.132,146.901,5.453,2.928e4,6362,14.905,0.299,221.246,205.813,1.664,0.382,-1.64,741.336,0.049,1.142
21.571,2560.714,15.041,9.776,147.187,0.132,147.187,6.068,2.928e4,6362,14.905,0.299,220.567,205.813,1.6,0.382,-1.645,741.271,0.048,1.076
21.621,2561.397,14.587,9.77,147.473,0.133,147.474,6.685,2.928e4,6362,14.905,0.299,219.906,205.813,1.537,0.382,-1.649,741.209,0.047,1.012
21.671,2562.056,14.135,9.768,147.759,0.133,147.759,6.932,2.928e4,6362,14.905,0.299,219.646,205.813,1.452,0.383,-1.653,741.148,0.045,0.95
21.721,2562.69,13.686,9.764,148.045,0.134,148.045,7.421,2.928e4,6362,14.905,0.299,219.141,205.813,1.386,0.384,-1.657,741.09,0.044,0.891
21.771,2563.3,13.24,9.76,148.329,0.134,148.33,7.965,2.928e4,6362,14.905,0.299,218.594,205.813,1.323,0.385,-1.661,741.035,0.042,0.834
21.821,2563.886,12.798,9.755,148.614,0.135,148.614,8.595,2.928e4,6362,14.905,0.299,217.978,205.813,1.264,0.386,-1.665,740.981,0.041,0.779
21.871,2564.447,12.359,9.748,148.898,0.135,148.898,9.592,2.928e4,6362,14.905,0.299,217.04,205.813,1.224,0.387,-1.669,740.93,0.04,0.726
21.921,2564.984,11.923,9.739,149.181,0.136,149.181,10.732,2.928e4,6362,14.905,0.299,216.019,205.813,1.189,0.388,-1.672,740.881,0.039,0.676
21.971,2565.496,11.492,9.732,149.464,0.136,149.464,11.804,2.928e4,6362,14.905,0.299,215.108,205.813,1.147,0.389,-1.676,740.834,0.038,0.628
22.021,2565.984,11.066,9.726,149.747,0.137,149.747,12.823,2.928e4,6362,14.905,0.299,214.283,205.813,1.098,0.391,-1.679,740.789,0.037,0.582
22.071,2566.448,10.645,9.717,150.029,0.137,150.029,14.168,2.928e4,6362,14.905,0.299,213.251,205.813,1.059,0.392,-1.682,740.747,0.035,0.539
22.121,2566.887,10.229,9.71,150.31,0.138,150.31,15.472,2.928e4,6362,14.905,0.299,212.311,205.813,1.01,0.393,-1.685,740.706,0.034,0.497
22.171,2567.303,9.821,9.702,150.591,0.138,150.591,16.81,2.928e4,6362,14.905,0.299,211.402,205.813,0.956,0.394,-1.687,740.668,0.033,0.458
22.221,2567.694,9.419,9.695,150.871,0.139,150.871,18.165,2.928e4,6362,14.905,0.299,210.536,205.813,0.895,0.396,-1.69,740.633,0.032,0.422
22.271,2568.06,9.026,9.687,151.15,0.139,151.15,19.715,2.928e4,6362,14.905,0.299,209.609,205.813,0.836,0.397,-1.692,740.599,0.031,0.387
22.321,2568.403,8.642,9.682,151.429,0.14,151.429,21.49,2.928e4,6362,14.905,0.299,208.626,205.813,0.78,0.398,-1.695,740.568,0.03,0.355
22.371,2568.721,8.269,9.68,151.707,0.141,151.707,23.055,2.928e4,6362,14.905,0.299,207.823,205.813,0.715,0.4,-1.697,740.539,0.029,0.325
22.421,2569.015,7.908,9.677,151.985,0.141,151.985,24.876,2.928e4,6362,14.905,0.299,206.958,205.813,0.653,0.401,-1.699,740.512,0.028,0.297
22.471,2569.285,7.561,9.672,152.262,0.142,152.262,27.027,2.928e4,6362,14.905,0.299,206.027,205.813,0.596,0.402,-1.7,740.487,0.027,0.272
22.521,2569.531,7.23,9.665,152.538,0.142,152.538,29.36,2.928e4,6362,14.905,0.299,205.119,205.813,0.538,0.404,-1.702,740.465,0.027,0.248
22.571,2569.753,6.917,10.001,152.813,0.143,152.813,NaN,2.928e4,6362,14.905,0.299,0,205.813,12.395,11.163,-1.703,740.444,0.026,0.227
22.671,2570.122,6.33,9.941,153.362,0.144,153.362,NaN,2.928e4,6362,14.905,0.299,0,205.813,10.968,11.163,-1.706,740.411,0.024,0.19
22.772,2570.393,5.857,9.889,153.91,0.145,153.91,NaN,2.928e4,6362,14.905,0.299,0,205.813,10.141,11.163,-1.708,740.386,0.023,0.163
22.873,2570.564,5.528,9.843,154.457,0.146,154.457,NaN,2.928e4,6362,14.905,0.299,0,205.813,9.681,11.163,-1.709,740.37,0.023,0.145
22.974,2570.634,5.368,9.798,155.004,0.147,155.004,NaN,2.928e4,6362,14.905,0.299,0,205.813,9.193,11.163,-1.709,740.364,0.022,0.137
22.994,2570.636,5.359,9.79,155.11,0.147,155.11,NaN,2.928e4,6362,14.905,0.299,0,205.813,9.055,11.163,-1.709,740.364,0.022,0.136
23.096,2570.585,5.42,9.747,155.656,0.148,155.656,NaN,2.928e4,6362,14.905,0.299,0,205.813,9.026,11.163,-1.709,740.368,0.022,0.14
23.199,2570.431,5.66,9.702,156.201,0.149,156.201,NaN,2.928e4,6362,14.905,0.299,0,205.813,9.582,11.163,-1.708,740.382,0.023,0.152
23.302,2570.174,6.057,9.656,156.745,0.15,156.745,NaN,2.928e4,6362,14.905,0.299,0,205.813,9.922,11.163,-1.706,740.406,0.023,0.174
23.405,2569.811,6.584,9.605,157.288,0.151,157.288,NaN,2.928e4,6362,14.905,0.299,0,205.813,10.7,11.163,-1.704,740.439,0.024,0.206
23.51,2569.343,7.211,9.55,157.831,0.152,157.831,NaN,2.928e4,6362,14.905,0.299,0,205.813,11.515,11.163,-1.701,740.482,0.025,0.247
23.614,2568.768,7.915,9.476,158.374,0.153,158.374,NaN,2.928e4,6362,14.905,0.299,0,205.813,13.775,11.163,-1.697,740.534,0.027,0.298
23.72,2568.082,8.675,9.395,158.917,0.154,158.917,NaN,2.928e4,6362,14.905,0.299,0,205.813,16.075,11.163,-1.693,740.597,0.029,0.358
23.826,2567.284,9.477,9.304,159.461,0.155,159.461,NaN,2.928e4,6362,14.905,0.299,0,205.813,18.741,11.163,-1.687,740.67,0.032,0.427
23.934,2566.371,10.313,9.207,160.005,0.156,160.005,NaN,2.928e4,6362,14.905,0.299,0,205.813,21.283,11.163,-1.681,740.754,0.034,0.506
24.042,2565.34,11.174,9.091,160.551,0.157,160.551,NaN,2.928e4,6362,14.905,0.299,0,205.813,24.849,11.163,-1.675,740.848,0.036,0.594
24.152,2564.186,12.054,8.969,161.098,0.158,161.098,NaN,2.928e4,6362,14.905,0.299,0,205.813,28.419,11.163,-1.667,740.954,0.039,0.691
24.264,2562.905,12.95,8.838,161.646,0.16,161.646,NaN,2.928e4,6362,14.905,0.299,0,205.813,32.089,11.163,-1.659,741.071,0.041,0.797
24.377,2561.491,13.858,8.688,162.196,0.161,162.196,NaN,2.928e4,6362,14.905,0.299,0,205.813,36.805,11.163,-1.65,741.2,0.044,0.913
24.492,2559.939,14.776,8.535,162.748,0.162,162.748,NaN,2.928e4,6362,14.905,0.299,0,205.813,41.125,11.163,-1.64,741.342,0.047,1.039
24.609,2558.242,15.703,8.373,163.303,0.163,163.303,NaN,2.928e4,6362,14.905,0.299,0,205.813,45.614,11.163,-1.629,741.497,0.049,1.173
24.729,2556.393,16.637,8.198,163.859,0.164,163.859,NaN,2.928e4,6362,14.905,0.299,0,205.813,50.558,11.163,-1.617,741.667,0.052,1.317
24.851,2554.382,17.577,8.009,164.418,0.165,164.418,NaN,2.928e4,6362,14.905,0.299,0,205.813,56.04,11.163,-1.603,741.85,0.055,1.47
24.976,2552.2,18.522,7.812,164.981,0.166,164.981,NaN,2.928e4,6362,14.905,0.299,0,205.813,61.662,11.163,-1.589,742.05,0.057,1.633
25.104,2549.835,19.472,7.598,165.548,0.168,165.548,NaN,2.928e4,6362,14.905,0.299,0,205.813,67.994,11.163,-1.574,742.266,0.06,1.805
25.235,2547.273,20.424,7.372,166.119,0.169,166.119,NaN,2.928e4,6362,14.905,0.299,0,205.813,74.766,11.163,-1.557,742.501,0.063,1.987
25.371,2544.497,21.379,7.137,166.694,0.17,166.694,NaN,2.928e4,6362,14.905,0.299,0,205.813,81.799,11.163,-1.539,742.755,0.066,2.177
25.511,2541.49,22.335,6.886,167.275,0.171,167.275,NaN,2.928e4,6362,14.905,0.299,0,205.813,89.557,11.163,-1.52,743.03,0.069,2.377
25.656,2538.229,23.291,6.63,167.86,0.173,167.86,NaN,2.928e4,6362,14.905,0.299,0,205.813,97.061,11.163,-1.498,743.328,0.072,2.586
25.807,2534.693,24.249,6.362,168.45,0.174,168.45,NaN,2.928e4,6362,14.905,0.299,0,205.813,105.016,11.163,-1.476,743.652,0.075,2.804
25.964,2530.852,25.208,6.084,169.043,0.175,169.043,NaN,2.928e4,6362,14.905,0.299,0,205.813,113.148,11.163,-1.451,744.003,0.077,3.031
26.128,2526.673,26.167,5.794,169.641,0.177,169.642,NaN,2.928e4,6362,14.905,0.299,0,205.813,121.794,11.163,-1.423,744.385,0.08,3.268
26.301,2522.114,27.126,5.495,170.244,0.178,170.244,NaN,2.928e4,6362,14.905,0.299,0,205.813,130.342,11.163,-1.394,744.802,0.083,3.513
26.483,2517.127,28.087,5.184,170.85,0.18,170.85,NaN,2.928e4,6362,14.905,0.299,0,205.813,139.464,11.163,-1.361,745.259,0.086,3.768
26.676,2511.65,29.047,4.861,171.461,0.181,171.461,NaN,2.928e4,6362,14.905,0.299,0,205.813,148.931,11.163,-1.326,745.76,0.089,4.033
26.882,2505.607,30.006,4.527,172.076,0.183,172.076,NaN,2.928e4,6362,14.905,0.299,0,205.813,158.642,11.163,-1.286,746.312,0.092,4.306
27.103,2498.901,30.965,4.18,172.694,0.185,172.694,NaN,2.928e4,6362,14.905,0.299,0,205.813,168.406,11.163,-1.243,746.931,0.094,4.589
27.342,2491.404,31.925,3.824,173.316,0.186,173.317,NaN,2.928e4,6362,14.905,0.299,0,205.813,179.041,11.163,-1.194,747.653,0.097,4.881
27.603,2482.954,32.881,3.458,173.942,0.188,173.942,NaN,2.928e4,6362,14.905,0.299,0,205.813,189.874,11.163,-1.139,748.466,0.1,5.183
27.892,2473.328,33.834,3.086,174.567,0.19,174.567,NaN,2.928e4,6362,14.905,0.299,0,205.813,201.198,11.163,-1.077,749.393,0.103,5.493
28.216,2462.23,34.779,2.701,175.183,0.192,175.183,NaN,2.928e4,6362,14.905,0.299,0,205.813,212.49,11.163,-1.004,750.461,0.106,5.811
28.587,2449.194,35.717,2.306,175.781,0.194,175.781,NaN,2.928e4,6362,14.905,0.299,0,205.813,224.054,11.163,-0.92,751.716,0.108,6.137
29.02,2433.51,36.648,1.892,176.344,0.196,176.344,NaN,2.928e4,6362,14.905,0.299,0,205.813,235.721,11.163,-0.818,753.225,0.111,6.471
29.52,2414.974,37.521,1.51,176.823,0.199,176.823,NaN,2.928e4,6362,14.905,0.299,0,205.813,247.377,11.163,-0.697,755.009,0.114,6.797
30.02,2396.048,38.197,1.181,177.137,0.201,177.137,NaN,2.928e4,6362,14.905,0.299,0,205.813,256.432,11.163,-0.574,756.831,0.116,7.058
30.52,2376.82,38.717,0.921,177.301,0.203,177.301,NaN,2.928e4,6362,14.905,0.299,0,205.813,263.7,11.163,-0.449,758.682,0.117,7.266
31.02,2357.362,39.113,0.721,177.337,0.205,177.337,NaN,2.928e4,6362,14.905,0.299,0,205.813,269.469,11.163,-0.323,760.555,0.118,7.43
31.52,2337.732,39.41,0.578,177.264,0.206,177.264,NaN,2.928e4,6362,14.905,0.299,0,205.813,274.025,11.163,-0.195,762.444,0.119,7.558
32.02,2317.972,39.63,0.47,177.092,0.208,177.092,NaN,2.928e4,6362,14.905,0.299,0,205.813,277.54,11.163,-0.067,764.346,0.12,7.658
32.52,2298.12,39.789,0.456,176.828,0.209,176.829,NaN,2.928e4,6362,14.905,0.299,0,205.813,280.424,11.163,0.062,766.257,0.12,7.736
33.02,2278.2,39.902,0.308,176.471,0.21,176.471,NaN,2.928e4,6362,14.905,0.299,0,205.813,282.253,11.163,0.192,768.174,0.12,7.795
33.52,2258.235,39.98,0.281,176.03,0.211,176.031,NaN,2.928e4,6362,14.905,0.299,0,205.813,283.885,11.163,0.321,770.096,0.121,7.842
34.02,2238.238,40.031,0.226,175.523,0.212,175.523,NaN,2.928e4,6362,14.905,0.299,0,205.813,285.066,11.163,0.451,772.021,0.121,7.877
34.52,2218.224,40.061,0.134,174.955,0.212,174.955,NaN,2.928e4,6362,14.905,0.299,0,205.813,285.928,11.163,0.582,773.947,0.121,7.905
35.02,2198.199,40.074,0.134,174.343,0.213,174.344,NaN,2.928e4,6362,14.905,0.299,0,205.813,286.665,11.163,0.712,775.875,0.121,7.926
35.52,2178.173,40.075,0.116,173.698,0.213,173.698,NaN,2.928e4,6362,14.905,0.299,0,205.813,287.206,11.163,0.842,777.802,0.121,7.943
36.02,2158.149,40.066,0.153,173.022,0.214,173.022,NaN,2.928e4,6362,14.905,0.299,0,205.813,287.655,11.163,0.972,779.73,0.121,7.955
36.52,2138.132,40.05,0.111,172.314,0.214,172.314,NaN,2.928e4,6362,14.905,0.299,0,205.813,287.932,11.163,1.102,781.656,0.121,7.965
37.02,2118.126,40.029,0.17,171.574,0.214,171.574,NaN,2.928e4,6362,14.905,0.299,0,205.813,288.221,11.163,1.232,783.582,0.12,7.972
37.52,2098.133,40.005,0.107,170.801,0.214,170.801,NaN,2.928e4,6362,14.905,0.299,0,205.813,288.337,11.163,1.362,785.506,0.12,7.978
38.02,2078.154,39.976,0.161,169.998,0.215,169.998,NaN,2.928e4,6362,14.905,0.299,0,205.813,288.516,11.163,1.492,787.43,0.12,7.983
38.52,2058.19,39.947,0.102,169.165,0.215,169.165,NaN,2.928e4,6362,14.905,0.299,0,205.813,288.561,11.163,1.622,789.351,0.12,7.986
39.02,2038.243,39.915,0.101,168.304,0.215,168.304,NaN,2.928e4,6362,14.905,0.299,0,205.813,288.635,11.163,1.751,791.271,0.12,7.989
39.52,2018.314,39.881,0.073,167.424,0.215,167.425,NaN,2.928e4,6362,14.905,0.299,0,205.813,288.672,11.163,1.881,793.189,0.12,7.991
40.02,1998.402,39.845,0.106,166.537,0.215,166.537,NaN,2.928e4,6362,14.905,0.299,0,205.813,288.735,11.163,2.01,795.114,0.12,7.993
40.52,1978.508,39.81,0.115,165.642,0.215,165.642,NaN,2.928e4,6362,14.905,0.299,0,205.813,288.802,11.163,2.14,797.127,0.12,7.995
41.02,1958.633,39.774,0.077,164.727,0.215,164.727,NaN,2.928e4,6362,14.905,0.299,0,205.813,288.82,11.163,2.269,799.139,0.119,7.997
41.52,1938.777,39.736,0.088,163.8,0.215,163.8,NaN,2.928e4,6362,14.905,0.299,0,205.813,288.859,11.163,2.398,801.149,0.119,7.998
42.02,1918.94,39.698,0.078,162.867,0.214,162.867,NaN,2.928e4,6362,14.905,0.299,0,205.813,288.875,11.163,2.527,803.157,0.119,7.999
42.52,1899.123,39.659,0.082,161.93,0.214,161.93,NaN,2.928e4,6362,14.905,0.299,0,205.813,288.892,11.163,2.656,805.162,0.119,7.999
43.02,1879.325,39.62,0.097,160.99,0.214,160.991,NaN,2.928e4,6362,14.905,0.299,0,205.813,288.909,11.163,2.784,807.166,0.119,8
43.52,1859.547,39.582,0.116,160.041,0.214,160.041,NaN,2.928e4,6362,14.905,0.299,0,205.813,288.924,11.163,2.913,809.168,0.119,8.001
44.02,1839.789,39.545,0.09,159.074,0.214,159.074,NaN,2.928e4,6362,14.905,0.299,0,205.813,288.906,11.163,3.041,811.168,0.119,8.001
44.52,1820.051,39.506,0.079,158.091,0.214,158.091,NaN,2.928e4,6362,14.905,0.299,0,205.813,288.897,11.163,3.17,813.166,0.118,8.002
45.02,1800.332,39.467,0.104,157.103,0.213,157.103,NaN,2.928e4,6362,14.905,0.299,0,205.813,288.905,11.163,3.298,815.162,0.118,8.002
45.52,1780.634,39.426,0.094,156.125,0.213,156.125,NaN,2.928e4,6362,14.905,0.299,0,205.813,288.894,11.163,3.426,817.155,0.118,8.001
46.02,1760.955,39.385,0.125,155.162,0.213,155.163,NaN,2.928e4,6362,14.905,0.299,0,205.813,288.906,11.163,3.554,819.147,0.118,8
46.52,1741.295,39.344,0.078,154.218,0.213,154.218,NaN,2.928e4,6362,14.905,0.299,0,205.813,288.872,11.163,3.682,821.137,0.118,7.999
47.02,1721.655,39.305,0.079,153.287,0.213,153.287,NaN,2.928e4,6362,14.905,0.299,0,205.813,288.867,11.163,3.809,823.125,0.118,7.999
47.52,1702.034,39.266,0.078,152.354,0.212,152.355,NaN,2.928e4,6362,14.905,0.299,0,205.813,288.859,11.163,3.937,825.111,0.118,7.999
48.02,1682.433,39.228,0.084,151.421,0.212,151.422,NaN,2.928e4,6362,14.905,0.299,0,205.813,288.856,11.163,4.064,827.095,0.117,7.999
48.52,1662.851,39.19,0.089,150.486,0.212,150.486,NaN,2.928e4,6362,14.905,0.299,0,205.813,288.851,11.163,4.191,829.077,0.117,7.999
49.02,1643.288,39.153,0.076,149.54,0.212,149.54,NaN,2.928e4,6362,14.905,0.299,0,205.813,288.834,11.163,4.319,831.057,0.117,7.999
49.52,1623.745,39.115,0.078,148.589,0.211,148.589,NaN,2.928e4,6362,14.905,0.299,0,205.813,288.828,11.163,4.446,833.035,0.117,7.999
50.02,1604.22,39.077,0.097,147.637,0.211,147.637,NaN,2.928e4,6362,14.905,0.299,0,205.813,288.831,11.163,4.573,835.011,0.117,7.999
50.52,1584.714,39.041,0.084,146.674,0.211,146.675,NaN,2.928e4,6362,14.905,0.299,0,205.813,288.811,11.163,4.699,836.986,0.117,7.999
51.02,1565.227,39.003,0.108,145.709,0.211,145.71,NaN,2.928e4,6362,14.905,0.299,0,205.813,288.816,11.163,4.826,838.958,0.117,7.998
51.52,1545.759,38.963,0.079,144.759,0.21,144.759,NaN,2.928e4,6362,14.905,0.299,0,205.813,288.791,11.163,4.953,840.929,0.116,7.997
52.02,1526.309,38.925,0.113,143.821,0.21,143.821,NaN,2.928e4,6362,14.905,0.299,0,205.813,288.801,11.163,5.079,842.897,0.116,7.997
52.52,1506.878,38.886,0.084,142.898,0.21,142.898,NaN,2.928e4,6362,14.905,0.299,0,205.813,288.776,11.163,5.205,844.864,0.116,7.996
53.02,1487.466,38.849,0.081,141.99,0.21,141.99,NaN,2.928e4,6362,14.905,0.299,0,205.813,288.791,11.163,5.331,846.893,0.116,7.996
53.52,1468.072,38.812,0.095,141.082,0.209,141.083,NaN,2.928e4,6362,14.905,0.299,0,205.813,288.819,11.163,5.458,848.956,0.116,7.997
54.02,1448.696,38.776,0.091,140.164,0.209,140.164,NaN,2.928e4,6362,14.905,0.299,0,205.813,288.828,11.163,5.583,851.017,0.116,7.998
54.52,1429.34,38.74,0.083,139.231,0.209,139.232,NaN,2.928e4,6362,14.905,0.299,0,205.813,288.831,11.163,5.709,853.076,0.116,7.999
55.02,1410.002,38.703,0.077,138.288,0.209,138.288,NaN,2.928e4,6362,14.905,0.299,0,205.813,288.831,11.163,5.835,855.133,0.115,7.999
55.52,1390.683,38.666,0.085,137.339,0.208,137.339,NaN,2.928e4,6362,14.905,0.299,0,205.813,288.836,11.163,5.961,857.188,0.115,7.999
56.02,1371.382,38.63,0.076,136.382,0.208,136.382,NaN,2.928e4,6362,14.905,0.299,0,205.813,288.828,11.163,6.086,859.241,0.115,8
56.52,1352.101,38.592,0.077,135.423,0.208,135.423,NaN,2.928e4,6362,14.905,0.299,0,205.813,288.825,11.163,6.211,861.292,0.115,7.999
57.02,1332.838,38.554,0.093,134.467,0.208,134.467,NaN,2.928e4,6362,14.905,0.299,0,205.813,288.827,11.163,6.337,863.341,0.115,7.999
57.52,1313.594,38.515,0.096,133.519,0.207,133.52,NaN,2.928e4,6362,14.905,0.299,0,205.813,288.823,11.163,6.462,865.388,0.115,7.999
58.02,1294.369,38.477,0.081,132.587,0.207,132.587,NaN,2.928e4,6362,14.905,0.299,0,205.813,288.808,11.163,6.587,867.433,0.115,7.998
58.52,1275.162,38.439,0.076,131.665,0.207,131.666,NaN,2.928e4,6362,14.905,0.299,0,205.813,288.802,11.163,6.711,869.476,0.114,7.997
59.02,1255.974,38.402,0.082,130.746,0.207,130.746,NaN,2.928e4,6362,14.905,0.299,0,205.813,288.796,11.163,6.836,871.517,0.114,7.997
59.52,1236.804,38.365,0.074,129.828,0.206,129.828,NaN,2.928e4,6362,14.905,0.299,0,205.813,288.785,11.163,6.961,873.557,0.114,7.997
60.02,1217.652,38.328,0.073,128.916,0.206,128.917,NaN,2.928e4,6362,14.905,0.299,0,205.813,288.778,11.163,7.085,875.594,0.114,7.997
60.52,1198.519,38.292,0.093,128.006,0.206,128.006,NaN,2.928e4,6362,14.905,0.299,0,205.813,288.782,11.163,7.21,877.629,0.114,7.996
61.02,1179.404,38.257,0.072,127.088,0.206,127.088,NaN,2.928e4,6362,14.905,0.299,0,205.813,288.761,11.163,7.334,879.662,0.114,7.997
61.52,1160.307,38.221,0.106,126.163,0.205,126.163,NaN,2.928e4,6362,14.905,0.299,0,205.813,288.774,11.163,7.458,881.694,0.114,7.997
62.02,1141.228,38.186,0.075,125.228,0.205,125.228,NaN,2.928e4,6362,14.905,0.299,0,205.813,288.744,11.163,7.582,883.723,0.114,7.997
62.52,1122.167,38.15,0.082,124.287,0.205,124.287,NaN,2.928e4,6362,14.905,0.299,0,205.813,288.74,11.163,7.706,885.751,0.113,7.997
63.02,1103.124,38.114,0.072,123.353,0.204,123.353,NaN,2.928e4,6362,14.905,0.299,0,205.813,288.73,11.163,7.83,887.776,0.113,7.996
63.52,1084.099,38.079,0.074,122.422,0.204,122.423,NaN,2.928e4,6362,14.905,0.299,0,205.813,288.722,11.163,7.953,889.8,0.113,7.996
64.02,1065.091,38.043,0.077,121.493,0.204,121.493,NaN,2.928e4,6362,14.905,0.299,0,205.813,288.718,11.163,8.077,891.822,0.113,7.996
64.52,1046.101,38.008,0.075,120.563,0.204,120.563,NaN,2.928e4,6362,14.905,0.299,0,205.813,288.708,11.163,8.2,893.842,0.113,7.996
65.02,1027.129,37.973,0.07,119.632,0.203,119.632,NaN,2.928e4,6362,14.905,0.299,0,205.813,288.699,11.163,8.324,895.86,0.113,7.995
65.52,1008.174,37.938,0.069,118.704,0.203,118.704,NaN,2.928e4,6362,14.905,0.299,0,205.813,288.692,11.163,8.447,897.876,0.113,7.995
66.02,989.236,37.904,0.07,117.776,0.203,117.776,NaN,2.928e4,6362,14.905,0.299,0,205.813,288.703,11.163,8.57,899.948,0.113,7.996
66.52,970.316,37.869,0.084,116.848,0.203,116.848,NaN,2.928e4,6362,14.905,0.299,0,205.813,288.728,11.163,8.693,902.062,0.112,7.996
67.02,951.413,37.833,0.078,115.924,0.202,115.925,NaN,2.928e4,6362,14.905,0.299,0,205.813,288.738,11.163,8.816,904.174,0.112,7.996
67.52,932.528,37.797,0.102,115.011,0.202,115.011,NaN,2.928e4,6362,14.905,0.299,0,205.813,288.761,11.163,8.939,906.284,0.112,7.996
68.02,913.66,37.763,0.071,114.092,0.202,114.093,NaN,2.928e4,6362,14.905,0.299,0,205.813,288.744,11.163,9.061,908.392,0.112,7.997
68.52,894.81,37.728,0.087,113.164,0.202,113.164,NaN,2.928e4,6362,14.905,0.299,0,205.813,288.754,11.163,9.184,910.498,0.112,7.997
69.02,875.978,37.694,0.071,112.228,0.201,112.228,NaN,2.928e4,6362,14.905,0.299,0,205.813,288.743,11.163,9.306,912.602,0.112,7.997
69.52,857.164,37.658,0.076,111.286,0.201,111.287,NaN,2.928e4,6362,14.905,0.299,0,205.813,288.742,11.163,9.428,914.704,0.112,7.997
70.02,838.367,37.622,0.079,110.35,0.201,110.35,NaN,2.928e4,6362,14.905,0.299,0,205.813,288.741,11.163,9.551,916.804,0.111,7.997
70.52,819.588,37.588,0.107,109.412,0.201,109.412,NaN,2.928e4,6362,14.905,0.299,0,205.813,288.748,11.163,9.673,918.902,0.111,7.997
71.02,800.826,37.551,0.099,108.48,0.2,108.481,NaN,2.928e4,6362,14.905,0.299,0,205.813,288.735,11.163,9.795,920.998,0.111,7.996
71.52,782.082,37.514,0.083,107.567,0.2,107.568,NaN,2.928e4,6362,14.905,0.299,0,205.813,288.723,11.163,9.916,923.093,0.111,7.995
72.02,763.356,37.481,0.07,106.657,0.2,106.658,NaN,2.928e4,6362,14.905,0.299,0,205.813,288.709,11.163,10.038,925.185,0.111,7.996
72.52,744.647,37.446,0.104,105.743,0.2,105.743,NaN,2.928e4,6362,14.905,0.299,0,205.813,288.723,11.163,10.16,927.275,0.111,7.995
73.02,725.955,37.413,0.074,104.82,0.2,104.821,NaN,2.928e4,6362,14.905,0.299,0,205.813,288.698,11.163,10.281,929.364,0.111,7.996
73.52,707.28,37.38,0.118,103.885,0.199,103.885,NaN,2.928e4,6362,14.905,0.299,0,205.813,288.719,11.163,10.403,931.45,0.111,7.996
74.02,688.622,37.348,0.068,102.934,0.199,102.934,NaN,2.928e4,6362,14.905,0.299,0,205.813,288.679,11.163,10.524,933.534,0.11,7.997
74.52,669.982,37.314,0.09,101.97,0.199,101.97,NaN,2.928e4,6362,14.905,0.299,0,205.813,288.685,11.163,10.645,935.617,0.11,7.997
75.02,651.358,37.282,0.079,100.999,0.199,100.999,NaN,2.928e4,6362,14.905,0.299,0,205.813,288.672,11.163,10.766,937.698,0.11,7.997
75.52,632.752,37.249,0.068,100.014,0.198,100.015,NaN,2.928e4,6362,14.905,0.299,0,205.813,288.66,11.163,10.887,939.777,0.11,7.998
76.02,614.162,37.216,0.079,99.024,0.198,99.024,NaN,2.928e4,6362,14.905,0.299,0,205.813,288.659,11.163,11.008,941.854,0.11,7.998
76.52,595.589,37.184,0.069,98.027,0.198,98.027,NaN,2.928e4,6362,14.905,0.299,0,205.813,288.646,11.163,11.129,943.929,0.11,7.998
77.02,577.032,37.15,0.069,97.026,0.198,97.027,NaN,2.928e4,6362,14.905,0.299,0,205.813,288.64,11.163,11.249,946.002,0.11,7.998
77.52,558.493,37.116,0.152,96.031,0.197,96.031,NaN,2.928e4,6362,14.905,0.299,0,205.813,288.685,11.163,11.37,948.073,0.11,7.997
78.02,539.969,37.079,0.139,95.055,0.197,95.056,NaN,2.928e4,6362,14.905,0.299,0,205.813,288.661,11.163,11.49,950.143,0.109,7.995
78.52,521.463,37.043,0.068,94.112,0.197,94.112,NaN,2.928e4,6362,14.905,0.299,0,205.813,288.612,11.163,11.61,952.21,0.109,7.994
79.02,502.973,37.011,0.09,93.182,0.196,93.182,NaN,2.928e4,6362,14.905,0.299,0,205.813,288.619,11.163,11.731,954.276,0.109,7.994
79.52,484.499,36.98,0.072,92.241,0.196,92.242,NaN,2.928e4,6362,14.905,0.299,0,205.813,288.629,11.163,11.851,956.426,0.109,7.995
80.02,466.041,36.948,0.071,91.29,0.196,91.29,NaN,2.928e4,6362,14.905,0.299,0,205.813,288.647,11.163,11.971,958.591,0.109,7.996
80.52,447.6,36.915,0.067,90.338,0.196,90.338,NaN,2.928e4,6362,14.905,0.299,0,205.813,288.658,11.163,12.091,960.754,0.109,7.996
81.02,429.175,36.882,0.106,89.388,0.195,89.388,NaN,2.928e4,6362,14.905,0.299,0,205.813,288.687,11.163,12.21,962.915,0.109,7.997
81.52,410.767,36.85,0.067,88.428,0.195,88.428,NaN,2.928e4,6362,14.905,0.299,0,205.813,288.665,11.163,12.33,965.074,0.109,7.998
82.02,392.376,36.817,0.077,87.459,0.195,87.459,NaN,2.928e4,6362,14.905,0.299,0,205.813,288.672,11.163,12.45,967.231,0.109,7.997
82.52,374.001,36.785,0.078,86.486,0.195,86.486,NaN,2.928e4,6362,14.905,0.299,0,205.813,288.671,11.163,12.569,969.386,0.108,7.998
83.02,355.643,36.752,0.069,85.504,0.194,85.504,NaN,2.928e4,6362,14.905,0.299,0,205.813,288.662,11.163,12.688,971.539,0.108,7.998
83.52,337.302,36.719,0.071,84.519,0.194,84.519,NaN,2.928e4,6362,14.905,0.299,0,205.813,288.661,11.163,12.808,973.69,0.108,7.998
84.02,318.977,36.686,0.069,83.533,0.194,83.533,NaN,2.928e4,6362,14.905,0.299,0,205.813,288.655,11.163,12.927,975.839,0.108,7.998
84.52,300.669,36.654,0.074,82.541,0.194,82.541,NaN,2.928e4,6362,14.905,0.299,0,205.813,288.653,11.163,13.046,977.987,0.108,7.998
85.02,282.377,36.622,0.125,81.543,0.193,81.543,NaN,2.928e4,6362,14.905,0.299,0,205.813,288.673,11.163,13.165,980.132,0.108,7.999
85.52,264.102,36.586,0.068,80.554,0.193,80.554,NaN,2.928e4,6362,14.905,0.299,0,205.813,288.633,11.163,13.283,982.275,0.108,7.997
86.02,245.843,36.553,0.113,79.58,0.193,79.58,NaN,2.928e4,6362,14.905,0.299,0,205.813,288.651,11.163,13.402,984.417,0.108,7.997
86.52,227.6,36.518,0.132,78.621,0.193,78.621,NaN,2.928e4,6362,14.905,0.299,0,205.813,288.656,11.163,13.521,986.556,0.107,7.996
87.02,209.373,36.483,0.069,77.688,0.192,77.688,NaN,2.928e4,6362,14.905,0.299,0,205.813,288.613,11.163,13.639,988.694,0.107,7.994
87.52,191.163,36.452,0.088,76.765,0.192,76.766,NaN,2.928e4,6362,14.905,0.299,0,205.813,288.618,11.163,13.757,990.83,0.107,7.994
88.02,172.969,36.421,0.064,75.832,0.192,75.833,NaN,2.928e4,6362,14.905,0.299,0,205.813,288.6,11.163,13.876,992.964,0.107,7.995
88.52,154.79,36.389,0.065,74.893,0.192,74.893,NaN,2.928e4,6362,14.905,0.299,0,205.813,288.596,11.163,13.994,995.096,0.107,7.995
89.02,136.628,36.357,0.065,73.956,0.191,73.956,NaN,2.928e4,6362,14.905,0.299,0,205.813,288.592,11.163,14.112,997.226,0.107,7.994
89.52,118.481,36.326,0.072,73.019,0.191,73.019,NaN,2.928e4,6362,14.905,0.299,0,205.813,288.59,11.163,14.23,999.354,0.107,7.994
90.02,100.35,36.296,0.077,72.076,0.191,72.076,NaN,2.928e4,6362,14.905,0.299,0,205.813,288.583,11.163,14.348,1001.481,0.107,7.995
90.52,82.235,36.263,0.082,71.133,0.191,71.133,NaN,2.928e4,6362,14.905,0.299,0,205.813,288.583,11.163,14.465,1003.605,0.106,7.994
91.02,64.135,36.233,0.064,70.19,0.19,70.19,NaN,2.928e4,6362,14.905,0.299,0,205.813,288.567,11.163,14.583,1005.728,0.106,7.995
91.52,46.051,36.203,0.063,69.237,0.19,69.238,NaN,2.928e4,6362,14.905,0.299,0,205.813,288.561,11.163,14.701,1007.849,0.106,7.995
92.02,27.983,36.172,0.062,68.282,0.19,68.282,NaN,2.928e4,6362,14.905,0.299,0,205.813,288.555,11.163,14.818,1009.968,0.106,7.995
92.52,9.93,36.142,0.096,67.323,0.19,67.324,NaN,2.928e4,6362,14.905,0.299,0,205.813,288.567,11.163,14.935,1012.085,0.106,7.995
92.796,0,36.126,0.087,66.792,0.19,66.793,NaN,2.928e4,6362,14.905,0.299,0,205.813,288.558,11.163,15,1013.25,0.106,7.995
